candidate_id,pair_id,direction,content_index,content_identifier,shape_class_id,shape_class_name,style_index,style_identifier,texture_class_id,texture_class_name,style_strength,image_path,accepted,rejection_reason
cc_000,0,airplane_to_bird,5918,test_05918,0,airplane,5560,test_05560,1,bird,0.8,task1/generated_images/cue_conflicts/cc_000_shape-airplane_texture-bird.png,True,
cc_001,0,airplane_to_bird,2750,test_02750,0,airplane,5092,test_05092,1,bird,0.8,task1/generated_images/cue_conflicts/cc_001_shape-airplane_texture-bird.png,True,
cc_002,0,airplane_to_bird,3025,test_03025,0,airplane,4298,test_04298,1,bird,0.8,task1/generated_images/cue_conflicts/cc_002_shape-airplane_texture-bird.png,True,
cc_003,0,airplane_to_bird,7320,test_07320,0,airplane,2116,test_02116,1,bird,0.8,task1/generated_images/cue_conflicts/cc_003_shape-airplane_texture-bird.png,True,
cc_004,0,airplane_to_bird,6609,test_06609,0,airplane,1993,test_01993,1,bird,0.8,task1/generated_images/cue_conflicts/cc_004_shape-airplane_texture-bird.png,True,
cc_005,0,airplane_to_bird,4615,test_04615,0,airplane,261,test_00261,1,bird,0.8,task1/generated_images/cue_conflicts/cc_005_shape-airplane_texture-bird.png,True,
cc_006,0,airplane_to_bird,5912,test_05912,0,airplane,1090,test_01090,1,bird,0.8,task1/generated_images/cue_conflicts/cc_006_shape-airplane_texture-bird.png,True,
cc_007,0,airplane_to_bird,1596,test_01596,0,airplane,1115,test_01115,1,bird,0.8,task1/generated_images/cue_conflicts/cc_007_shape-airplane_texture-bird.png,True,
cc_008,0,airplane_to_bird,3347,test_03347,0,airplane,1230,test_01230,1,bird,0.8,task1/generated_images/cue_conflicts/cc_008_shape-airplane_texture-bird.png,True,
cc_009,0,airplane_to_bird,7634,test_07634,0,airplane,7202,test_07202,1,bird,0.8,task1/generated_images/cue_conflicts/cc_009_shape-airplane_texture-bird.png,True,
cc_010,0,airplane_to_bird,5117,test_05117,0,airplane,5220,test_05220,1,bird,0.8,task1/generated_images/cue_conflicts/cc_010_shape-airplane_texture-bird.png,True,
cc_011,0,airplane_to_bird,484,test_00484,0,airplane,1436,test_01436,1,bird,0.8,task1/generated_images/cue_conflicts/cc_011_shape-airplane_texture-bird.png,True,
cc_012,0,airplane_to_bird,4785,test_04785,0,airplane,3413,test_03413,1,bird,0.8,task1/generated_images/cue_conflicts/cc_012_shape-airplane_texture-bird.png,True,
cc_013,0,airplane_to_bird,7009,test_07009,0,airplane,5488,test_05488,1,bird,0.8,task1/generated_images/cue_conflicts/cc_013_shape-airplane_texture-bird.png,True,
cc_014,0,airplane_to_bird,1648,test_01648,0,airplane,6169,test_06169,1,bird,0.8,task1/generated_images/cue_conflicts/cc_014_shape-airplane_texture-bird.png,True,
cc_015,0,airplane_to_bird,81,test_00081,0,airplane,6349,test_06349,1,bird,0.8,task1/generated_images/cue_conflicts/cc_015_shape-airplane_texture-bird.png,True,
cc_016,0,airplane_to_bird,4675,test_04675,0,airplane,2687,test_02687,1,bird,0.8,task1/generated_images/cue_conflicts/cc_016_shape-airplane_texture-bird.png,True,
cc_017,0,airplane_to_bird,3,test_00003,0,airplane,3550,test_03550,1,bird,0.8,task1/generated_images/cue_conflicts/cc_017_shape-airplane_texture-bird.png,True,
cc_018,0,airplane_to_bird,5999,test_05999,0,airplane,116,test_00116,1,bird,0.8,task1/generated_images/cue_conflicts/cc_018_shape-airplane_texture-bird.png,True,
cc_019,0,airplane_to_bird,7465,test_07465,0,airplane,1852,test_01852,1,bird,0.8,task1/generated_images/cue_conflicts/cc_019_shape-airplane_texture-bird.png,True,
cc_020,0,airplane_to_bird,4130,test_04130,0,airplane,1871,test_01871,1,bird,0.8,task1/generated_images/cue_conflicts/cc_020_shape-airplane_texture-bird.png,True,
cc_021,0,airplane_to_bird,4819,test_04819,0,airplane,7955,test_07955,1,bird,0.8,task1/generated_images/cue_conflicts/cc_021_shape-airplane_texture-bird.png,True,
cc_022,0,airplane_to_bird,3965,test_03965,0,airplane,1109,test_01109,1,bird,0.8,task1/generated_images/cue_conflicts/cc_022_shape-airplane_texture-bird.png,True,
cc_023,0,airplane_to_bird,562,test_00562,0,airplane,6836,test_06836,1,bird,0.8,task1/generated_images/cue_conflicts/cc_023_shape-airplane_texture-bird.png,True,
cc_024,0,airplane_to_bird,4893,test_04893,0,airplane,825,test_00825,1,bird,0.8,task1/generated_images/cue_conflicts/cc_024_shape-airplane_texture-bird.png,True,
cc_025,0,airplane_to_bird,1553,test_01553,0,airplane,3491,test_03491,1,bird,0.8,task1/generated_images/cue_conflicts/cc_025_shape-airplane_texture-bird.png,True,
cc_026,0,airplane_to_bird,1175,test_01175,0,airplane,7033,test_07033,1,bird,0.8,task1/generated_images/cue_conflicts/cc_026_shape-airplane_texture-bird.png,True,
cc_027,0,airplane_to_bird,3876,test_03876,0,airplane,304,test_00304,1,bird,0.8,task1/generated_images/cue_conflicts/cc_027_shape-airplane_texture-bird.png,True,
cc_028,0,airplane_to_bird,2888,test_02888,0,airplane,1986,test_01986,1,bird,0.8,task1/generated_images/cue_conflicts/cc_028_shape-airplane_texture-bird.png,True,
cc_029,0,airplane_to_bird,5478,test_05478,0,airplane,5123,test_05123,1,bird,0.8,task1/generated_images/cue_conflicts/cc_029_shape-airplane_texture-bird.png,True,
cc_030,0,bird_to_airplane,2178,test_02178,1,bird,5912,test_05912,0,airplane,0.8,task1/generated_images/cue_conflicts/cc_030_shape-bird_texture-airplane.png,True,
cc_031,0,bird_to_airplane,825,test_00825,1,bird,42,test_00042,0,airplane,0.8,task1/generated_images/cue_conflicts/cc_031_shape-bird_texture-airplane.png,True,
cc_032,0,bird_to_airplane,7202,test_07202,1,bird,1553,test_01553,0,airplane,0.8,task1/generated_images/cue_conflicts/cc_032_shape-bird_texture-airplane.png,True,
cc_033,0,bird_to_airplane,6076,test_06076,1,bird,4539,test_04539,0,airplane,0.8,task1/generated_images/cue_conflicts/cc_033_shape-bird_texture-airplane.png,True,
cc_034,0,bird_to_airplane,5220,test_05220,1,bird,3455,test_03455,0,airplane,0.8,task1/generated_images/cue_conflicts/cc_034_shape-bird_texture-airplane.png,True,
cc_035,0,bird_to_airplane,1986,test_01986,1,bird,4893,test_04893,0,airplane,0.8,task1/generated_images/cue_conflicts/cc_035_shape-bird_texture-airplane.png,True,
cc_036,0,bird_to_airplane,95,test_00095,1,bird,2750,test_02750,0,airplane,0.8,task1/generated_images/cue_conflicts/cc_036_shape-bird_texture-airplane.png,True,
cc_037,0,bird_to_airplane,7955,test_07955,1,bird,7309,test_07309,0,airplane,0.8,task1/generated_images/cue_conflicts/cc_037_shape-bird_texture-airplane.png,False,main object shape is no longer visually recognizable
cc_038,0,bird_to_airplane,3937,test_03937,1,bird,1977,test_01977,0,airplane,0.8,task1/generated_images/cue_conflicts/cc_038_shape-bird_texture-airplane.png,True,
cc_039,0,bird_to_airplane,3550,test_03550,1,bird,81,test_00081,0,airplane,0.8,task1/generated_images/cue_conflicts/cc_039_shape-bird_texture-airplane.png,True,
cc_040,0,bird_to_airplane,3491,test_03491,1,bird,6437,test_06437,0,airplane,0.8,task1/generated_images/cue_conflicts/cc_040_shape-bird_texture-airplane.png,True,
cc_041,0,bird_to_airplane,1436,test_01436,1,bird,5918,test_05918,0,airplane,0.8,task1/generated_images/cue_conflicts/cc_041_shape-bird_texture-airplane.png,True,
cc_042,0,bird_to_airplane,1109,test_01109,1,bird,7373,test_07373,0,airplane,0.8,task1/generated_images/cue_conflicts/cc_042_shape-bird_texture-airplane.png,True,
cc_043,0,bird_to_airplane,116,test_00116,1,bird,5999,test_05999,0,airplane,0.8,task1/generated_images/cue_conflicts/cc_043_shape-bird_texture-airplane.png,True,
cc_044,0,bird_to_airplane,1871,test_01871,1,bird,7634,test_07634,0,airplane,0.8,task1/generated_images/cue_conflicts/cc_044_shape-bird_texture-airplane.png,True,
cc_045,0,bird_to_airplane,6169,test_06169,1,bird,2024,test_02024,0,airplane,0.8,task1/generated_images/cue_conflicts/cc_045_shape-bird_texture-airplane.png,True,
cc_046,0,bird_to_airplane,1230,test_01230,1,bird,6609,test_06609,0,airplane,0.8,task1/generated_images/cue_conflicts/cc_046_shape-bird_texture-airplane.png,True,
cc_047,0,bird_to_airplane,1568,test_01568,1,bird,4399,test_04399,0,airplane,0.8,task1/generated_images/cue_conflicts/cc_047_shape-bird_texture-airplane.png,True,
cc_048,0,bird_to_airplane,5123,test_05123,1,bird,3965,test_03965,0,airplane,0.8,task1/generated_images/cue_conflicts/cc_048_shape-bird_texture-airplane.png,False,severe artifacts obscure most of the image
cc_049,0,bird_to_airplane,7029,test_07029,1,bird,7009,test_07009,0,airplane,0.8,task1/generated_images/cue_conflicts/cc_049_shape-bird_texture-airplane.png,True,
cc_050,0,bird_to_airplane,6594,test_06594,1,bird,1596,test_01596,0,airplane,0.8,task1/generated_images/cue_conflicts/cc_050_shape-bird_texture-airplane.png,True,
cc_051,0,bird_to_airplane,3413,test_03413,1,bird,3025,test_03025,0,airplane,0.8,task1/generated_images/cue_conflicts/cc_051_shape-bird_texture-airplane.png,True,
cc_052,0,bird_to_airplane,198,test_00198,1,bird,6455,test_06455,0,airplane,0.8,task1/generated_images/cue_conflicts/cc_052_shape-bird_texture-airplane.png,True,
cc_053,0,bird_to_airplane,2690,test_02690,1,bird,6986,test_06986,0,airplane,0.8,task1/generated_images/cue_conflicts/cc_053_shape-bird_texture-airplane.png,True,
cc_054,0,bird_to_airplane,6954,test_06954,1,bird,5117,test_05117,0,airplane,0.8,task1/generated_images/cue_conflicts/cc_054_shape-bird_texture-airplane.png,True,
cc_055,0,bird_to_airplane,6836,test_06836,1,bird,7150,test_07150,0,airplane,0.8,task1/generated_images/cue_conflicts/cc_055_shape-bird_texture-airplane.png,False,main object shape is no longer visually recognizable
cc_056,0,bird_to_airplane,6938,test_06938,1,bird,3876,test_03876,0,airplane,0.8,task1/generated_images/cue_conflicts/cc_056_shape-bird_texture-airplane.png,True,
cc_057,0,bird_to_airplane,1115,test_01115,1,bird,3437,test_03437,0,airplane,0.8,task1/generated_images/cue_conflicts/cc_057_shape-bird_texture-airplane.png,True,
cc_058,0,bird_to_airplane,7033,test_07033,1,bird,5478,test_05478,0,airplane,0.8,task1/generated_images/cue_conflicts/cc_058_shape-bird_texture-airplane.png,False,severe artifacts obscure most of the image
cc_059,0,bird_to_airplane,4640,test_04640,1,bird,2242,test_02242,0,airplane,0.8,task1/generated_images/cue_conflicts/cc_059_shape-bird_texture-airplane.png,True,
cc_060,1,car_to_horse,3755,test_03755,2,car,2676,test_02676,6,horse,0.8,task1/generated_images/cue_conflicts/cc_060_shape-car_texture-horse.png,True,
cc_061,1,car_to_horse,35,test_00035,2,car,4731,test_04731,6,horse,0.8,task1/generated_images/cue_conflicts/cc_061_shape-car_texture-horse.png,True,
cc_062,1,car_to_horse,1520,test_01520,2,car,3191,test_03191,6,horse,0.8,task1/generated_images/cue_conflicts/cc_062_shape-car_texture-horse.png,True,
cc_063,1,car_to_horse,409,test_00409,2,car,2610,test_02610,6,horse,0.8,task1/generated_images/cue_conflicts/cc_063_shape-car_texture-horse.png,True,
cc_064,1,car_to_horse,3454,test_03454,2,car,4341,test_04341,6,horse,0.8,task1/generated_images/cue_conflicts/cc_064_shape-car_texture-horse.png,True,
cc_065,1,car_to_horse,1202,test_01202,2,car,890,test_00890,6,horse,0.8,task1/generated_images/cue_conflicts/cc_065_shape-car_texture-horse.png,True,
cc_066,1,car_to_horse,5318,test_05318,2,car,2003,test_02003,6,horse,0.8,task1/generated_images/cue_conflicts/cc_066_shape-car_texture-horse.png,True,
cc_067,1,car_to_horse,5333,test_05333,2,car,2958,test_02958,6,horse,0.8,task1/generated_images/cue_conflicts/cc_067_shape-car_texture-horse.png,True,
cc_068,1,car_to_horse,5756,test_05756,2,car,3292,test_03292,6,horse,0.8,task1/generated_images/cue_conflicts/cc_068_shape-car_texture-horse.png,True,
cc_069,1,car_to_horse,5512,test_05512,2,car,5729,test_05729,6,horse,0.8,task1/generated_images/cue_conflicts/cc_069_shape-car_texture-horse.png,True,
cc_070,1,car_to_horse,5183,test_05183,2,car,4827,test_04827,6,horse,0.8,task1/generated_images/cue_conflicts/cc_070_shape-car_texture-horse.png,True,
cc_071,1,car_to_horse,6692,test_06692,2,car,1667,test_01667,6,horse,0.8,task1/generated_images/cue_conflicts/cc_071_shape-car_texture-horse.png,True,
cc_072,1,car_to_horse,6503,test_06503,2,car,3418,test_03418,6,horse,0.8,task1/generated_images/cue_conflicts/cc_072_shape-car_texture-horse.png,True,
cc_073,1,car_to_horse,5395,test_05395,2,car,4746,test_04746,6,horse,0.8,task1/generated_images/cue_conflicts/cc_073_shape-car_texture-horse.png,True,
cc_074,1,car_to_horse,5218,test_05218,2,car,7600,test_07600,6,horse,0.8,task1/generated_images/cue_conflicts/cc_074_shape-car_texture-horse.png,True,
cc_075,1,car_to_horse,1403,test_01403,2,car,5858,test_05858,6,horse,0.8,task1/generated_images/cue_conflicts/cc_075_shape-car_texture-horse.png,True,
cc_076,1,car_to_horse,4065,test_04065,2,car,7108,test_07108,6,horse,0.8,task1/generated_images/cue_conflicts/cc_076_shape-car_texture-horse.png,True,
cc_077,1,car_to_horse,5824,test_05824,2,car,977,test_00977,6,horse,0.8,task1/generated_images/cue_conflicts/cc_077_shape-car_texture-horse.png,True,
cc_078,1,car_to_horse,1814,test_01814,2,car,4011,test_04011,6,horse,0.8,task1/generated_images/cue_conflicts/cc_078_shape-car_texture-horse.png,True,
cc_079,1,car_to_horse,2502,test_02502,2,car,449,test_00449,6,horse,0.8,task1/generated_images/cue_conflicts/cc_079_shape-car_texture-horse.png,True,
cc_080,1,car_to_horse,7084,test_07084,2,car,920,test_00920,6,horse,0.8,task1/generated_images/cue_conflicts/cc_080_shape-car_texture-horse.png,True,
cc_081,1,car_to_horse,6332,test_06332,2,car,5082,test_05082,6,horse,0.8,task1/generated_images/cue_conflicts/cc_081_shape-car_texture-horse.png,True,
cc_082,1,car_to_horse,6271,test_06271,2,car,7338,test_07338,6,horse,0.8,task1/generated_images/cue_conflicts/cc_082_shape-car_texture-horse.png,True,
cc_083,1,car_to_horse,2082,test_02082,2,car,3515,test_03515,6,horse,0.8,task1/generated_images/cue_conflicts/cc_083_shape-car_texture-horse.png,True,
cc_084,1,car_to_horse,4921,test_04921,2,car,3779,test_03779,6,horse,0.8,task1/generated_images/cue_conflicts/cc_084_shape-car_texture-horse.png,True,
cc_085,1,car_to_horse,7425,test_07425,2,car,7779,test_07779,6,horse,0.8,task1/generated_images/cue_conflicts/cc_085_shape-car_texture-horse.png,True,
cc_086,1,car_to_horse,4913,test_04913,2,car,6713,test_06713,6,horse,0.8,task1/generated_images/cue_conflicts/cc_086_shape-car_texture-horse.png,True,
cc_087,1,car_to_horse,1586,test_01586,2,car,929,test_00929,6,horse,0.8,task1/generated_images/cue_conflicts/cc_087_shape-car_texture-horse.png,True,
cc_088,1,car_to_horse,3067,test_03067,2,car,4411,test_04411,6,horse,0.8,task1/generated_images/cue_conflicts/cc_088_shape-car_texture-horse.png,True,
cc_089,1,car_to_horse,6244,test_06244,2,car,7781,test_07781,6,horse,0.8,task1/generated_images/cue_conflicts/cc_089_shape-car_texture-horse.png,True,
cc_090,1,horse_to_car,4620,test_04620,6,horse,6503,test_06503,2,car,0.8,task1/generated_images/cue_conflicts/cc_090_shape-horse_texture-car.png,True,
cc_091,1,horse_to_car,5082,test_05082,6,horse,5183,test_05183,2,car,0.8,task1/generated_images/cue_conflicts/cc_091_shape-horse_texture-car.png,True,
cc_092,1,horse_to_car,5382,test_05382,6,horse,3163,test_03163,2,car,0.8,task1/generated_images/cue_conflicts/cc_092_shape-horse_texture-car.png,True,
cc_093,1,horse_to_car,5857,test_05857,6,horse,6264,test_06264,2,car,0.8,task1/generated_images/cue_conflicts/cc_093_shape-horse_texture-car.png,True,
cc_094,1,horse_to_car,3515,test_03515,6,horse,714,test_00714,2,car,0.8,task1/generated_images/cue_conflicts/cc_094_shape-horse_texture-car.png,True,
cc_095,1,horse_to_car,2610,test_02610,6,horse,3024,test_03024,2,car,0.8,task1/generated_images/cue_conflicts/cc_095_shape-horse_texture-car.png,True,
cc_096,1,horse_to_car,7996,test_07996,6,horse,5677,test_05677,2,car,0.8,task1/generated_images/cue_conflicts/cc_096_shape-horse_texture-car.png,True,
cc_097,1,horse_to_car,964,test_00964,6,horse,3454,test_03454,2,car,0.8,task1/generated_images/cue_conflicts/cc_097_shape-horse_texture-car.png,True,
cc_098,1,horse_to_car,4341,test_04341,6,horse,3067,test_03067,2,car,0.8,task1/generated_images/cue_conflicts/cc_098_shape-horse_texture-car.png,True,
cc_099,1,horse_to_car,449,test_00449,6,horse,6244,test_06244,2,car,0.8,task1/generated_images/cue_conflicts/cc_099_shape-horse_texture-car.png,True,
cc_100,1,horse_to_car,3494,test_03494,6,horse,1520,test_01520,2,car,0.8,task1/generated_images/cue_conflicts/cc_100_shape-horse_texture-car.png,True,
cc_101,1,horse_to_car,3418,test_03418,6,horse,4913,test_04913,2,car,0.8,task1/generated_images/cue_conflicts/cc_101_shape-horse_texture-car.png,True,
cc_102,1,horse_to_car,4827,test_04827,6,horse,4735,test_04735,2,car,0.8,task1/generated_images/cue_conflicts/cc_102_shape-horse_texture-car.png,True,
cc_103,1,horse_to_car,3191,test_03191,6,horse,2502,test_02502,2,car,0.8,task1/generated_images/cue_conflicts/cc_103_shape-horse_texture-car.png,True,
cc_104,1,horse_to_car,7555,test_07555,6,horse,6271,test_06271,2,car,0.8,task1/generated_images/cue_conflicts/cc_104_shape-horse_texture-car.png,True,
cc_105,1,horse_to_car,920,test_00920,6,horse,7425,test_07425,2,car,0.8,task1/generated_images/cue_conflicts/cc_105_shape-horse_texture-car.png,True,
cc_106,1,horse_to_car,7108,test_07108,6,horse,4921,test_04921,2,car,0.8,task1/generated_images/cue_conflicts/cc_106_shape-horse_texture-car.png,True,
cc_107,1,horse_to_car,3962,test_03962,6,horse,5237,test_05237,2,car,0.8,task1/generated_images/cue_conflicts/cc_107_shape-horse_texture-car.png,True,
cc_108,1,horse_to_car,1534,test_01534,6,horse,49,test_00049,2,car,0.8,task1/generated_images/cue_conflicts/cc_108_shape-horse_texture-car.png,True,
cc_109,1,horse_to_car,2003,test_02003,6,horse,981,test_00981,2,car,0.8,task1/generated_images/cue_conflicts/cc_109_shape-horse_texture-car.png,True,
cc_110,1,horse_to_car,2676,test_02676,6,horse,5030,test_05030,2,car,0.8,task1/generated_images/cue_conflicts/cc_110_shape-horse_texture-car.png,True,
cc_111,1,horse_to_car,5408,test_05408,6,horse,470,test_00470,2,car,0.8,task1/generated_images/cue_conflicts/cc_111_shape-horse_texture-car.png,True,
cc_112,1,horse_to_car,5858,test_05858,6,horse,6426,test_06426,2,car,0.8,task1/generated_images/cue_conflicts/cc_112_shape-horse_texture-car.png,True,
cc_113,1,horse_to_car,3292,test_03292,6,horse,3755,test_03755,2,car,0.8,task1/generated_images/cue_conflicts/cc_113_shape-horse_texture-car.png,True,
cc_114,1,horse_to_car,545,test_00545,6,horse,6354,test_06354,2,car,0.8,task1/generated_images/cue_conflicts/cc_114_shape-horse_texture-car.png,True,
cc_115,1,horse_to_car,7338,test_07338,6,horse,35,test_00035,2,car,0.8,task1/generated_images/cue_conflicts/cc_115_shape-horse_texture-car.png,True,
cc_116,1,horse_to_car,3844,test_03844,6,horse,6616,test_06616,2,car,0.8,task1/generated_images/cue_conflicts/cc_116_shape-horse_texture-car.png,True,
cc_117,1,horse_to_car,890,test_00890,6,horse,2082,test_02082,2,car,0.8,task1/generated_images/cue_conflicts/cc_117_shape-horse_texture-car.png,True,
cc_118,1,horse_to_car,3777,test_03777,6,horse,5512,test_05512,2,car,0.8,task1/generated_images/cue_conflicts/cc_118_shape-horse_texture-car.png,True,
cc_119,1,horse_to_car,6381,test_06381,6,horse,2392,test_02392,2,car,0.8,task1/generated_images/cue_conflicts/cc_119_shape-horse_texture-car.png,True,
cc_120,2,deer_to_ship,3287,test_03287,4,deer,739,test_00739,8,ship,0.8,task1/generated_images/cue_conflicts/cc_120_shape-deer_texture-ship.png,True,
cc_121,2,deer_to_ship,171,test_00171,4,deer,5694,test_05694,8,ship,0.8,task1/generated_images/cue_conflicts/cc_121_shape-deer_texture-ship.png,False,main object shape is no longer visually recognizable
cc_122,2,deer_to_ship,7940,test_07940,4,deer,194,test_00194,8,ship,0.8,task1/generated_images/cue_conflicts/cc_122_shape-deer_texture-ship.png,True,
cc_123,2,deer_to_ship,6033,test_06033,4,deer,4552,test_04552,8,ship,0.8,task1/generated_images/cue_conflicts/cc_123_shape-deer_texture-ship.png,True,
cc_124,2,deer_to_ship,2898,test_02898,4,deer,5451,test_05451,8,ship,0.8,task1/generated_images/cue_conflicts/cc_124_shape-deer_texture-ship.png,True,
cc_125,2,deer_to_ship,3512,test_03512,4,deer,2844,test_02844,8,ship,0.8,task1/generated_images/cue_conflicts/cc_125_shape-deer_texture-ship.png,True,
cc_126,2,deer_to_ship,5789,test_05789,4,deer,7818,test_07818,8,ship,0.8,task1/generated_images/cue_conflicts/cc_126_shape-deer_texture-ship.png,True,
cc_127,2,deer_to_ship,1266,test_01266,4,deer,4069,test_04069,8,ship,0.8,task1/generated_images/cue_conflicts/cc_127_shape-deer_texture-ship.png,True,
cc_128,2,deer_to_ship,691,test_00691,4,deer,716,test_00716,8,ship,0.8,task1/generated_images/cue_conflicts/cc_128_shape-deer_texture-ship.png,True,
cc_129,2,deer_to_ship,3891,test_03891,4,deer,3905,test_03905,8,ship,0.8,task1/generated_images/cue_conflicts/cc_129_shape-deer_texture-ship.png,False,severe artifacts obscure most of the image
cc_130,2,deer_to_ship,3078,test_03078,4,deer,1129,test_01129,8,ship,0.8,task1/generated_images/cue_conflicts/cc_130_shape-deer_texture-ship.png,True,
cc_131,2,deer_to_ship,7475,test_07475,4,deer,7138,test_07138,8,ship,0.8,task1/generated_images/cue_conflicts/cc_131_shape-deer_texture-ship.png,True,
cc_132,2,deer_to_ship,4054,test_04054,4,deer,1833,test_01833,8,ship,0.8,task1/generated_images/cue_conflicts/cc_132_shape-deer_texture-ship.png,True,
cc_133,2,deer_to_ship,3179,test_03179,4,deer,4177,test_04177,8,ship,0.8,task1/generated_images/cue_conflicts/cc_133_shape-deer_texture-ship.png,True,
cc_134,2,deer_to_ship,5062,test_05062,4,deer,7460,test_07460,8,ship,0.8,task1/generated_images/cue_conflicts/cc_134_shape-deer_texture-ship.png,True,
cc_135,2,deer_to_ship,3763,test_03763,4,deer,2745,test_02745,8,ship,0.8,task1/generated_images/cue_conflicts/cc_135_shape-deer_texture-ship.png,True,
cc_136,2,deer_to_ship,2757,test_02757,4,deer,5525,test_05525,8,ship,0.8,task1/generated_images/cue_conflicts/cc_136_shape-deer_texture-ship.png,True,
cc_137,2,deer_to_ship,5402,test_05402,4,deer,4676,test_04676,8,ship,0.8,task1/generated_images/cue_conflicts/cc_137_shape-deer_texture-ship.png,True,
cc_138,2,deer_to_ship,855,test_00855,4,deer,4242,test_04242,8,ship,0.8,task1/generated_images/cue_conflicts/cc_138_shape-deer_texture-ship.png,True,
cc_139,2,deer_to_ship,2704,test_02704,4,deer,5000,test_05000,8,ship,0.8,task1/generated_images/cue_conflicts/cc_139_shape-deer_texture-ship.png,True,
cc_140,2,deer_to_ship,5556,test_05556,4,deer,7446,test_07446,8,ship,0.8,task1/generated_images/cue_conflicts/cc_140_shape-deer_texture-ship.png,True,
cc_141,2,deer_to_ship,3122,test_03122,4,deer,4355,test_04355,8,ship,0.8,task1/generated_images/cue_conflicts/cc_141_shape-deer_texture-ship.png,True,
cc_142,2,deer_to_ship,5623,test_05623,4,deer,1783,test_01783,8,ship,0.8,task1/generated_images/cue_conflicts/cc_142_shape-deer_texture-ship.png,True,
cc_143,2,deer_to_ship,506,test_00506,4,deer,1247,test_01247,8,ship,0.8,task1/generated_images/cue_conflicts/cc_143_shape-deer_texture-ship.png,True,
cc_144,2,deer_to_ship,1960,test_01960,4,deer,2342,test_02342,8,ship,0.8,task1/generated_images/cue_conflicts/cc_144_shape-deer_texture-ship.png,True,
cc_145,2,deer_to_ship,5467,test_05467,4,deer,6689,test_06689,8,ship,0.8,task1/generated_images/cue_conflicts/cc_145_shape-deer_texture-ship.png,True,
cc_146,2,deer_to_ship,766,test_00766,4,deer,3157,test_03157,8,ship,0.8,task1/generated_images/cue_conflicts/cc_146_shape-deer_texture-ship.png,True,
cc_147,2,deer_to_ship,4642,test_04642,4,deer,3948,test_03948,8,ship,0.8,task1/generated_images/cue_conflicts/cc_147_shape-deer_texture-ship.png,True,
cc_148,2,deer_to_ship,7610,test_07610,4,deer,2340,test_02340,8,ship,0.8,task1/generated_images/cue_conflicts/cc_148_shape-deer_texture-ship.png,True,
cc_149,2,deer_to_ship,4740,test_04740,4,deer,1954,test_01954,8,ship,0.8,task1/generated_images/cue_conflicts/cc_149_shape-deer_texture-ship.png,True,
cc_150,2,ship_to_deer,1954,test_01954,8,ship,4740,test_04740,4,deer,0.8,task1/generated_images/cue_conflicts/cc_150_shape-ship_texture-deer.png,True,
cc_151,2,ship_to_deer,2109,test_02109,8,ship,855,test_00855,4,deer,0.8,task1/generated_images/cue_conflicts/cc_151_shape-ship_texture-deer.png,True,
cc_152,2,ship_to_deer,194,test_00194,8,ship,6033,test_06033,4,deer,0.8,task1/generated_images/cue_conflicts/cc_152_shape-ship_texture-deer.png,True,
cc_153,2,ship_to_deer,7818,test_07818,8,ship,506,test_00506,4,deer,0.8,task1/generated_images/cue_conflicts/cc_153_shape-ship_texture-deer.png,True,
cc_154,2,ship_to_deer,4242,test_04242,8,ship,5467,test_05467,4,deer,0.8,task1/generated_images/cue_conflicts/cc_154_shape-ship_texture-deer.png,True,
cc_155,2,ship_to_deer,706,test_00706,8,ship,5402,test_05402,4,deer,0.8,task1/generated_images/cue_conflicts/cc_155_shape-ship_texture-deer.png,True,
cc_156,2,ship_to_deer,7810,test_07810,8,ship,7864,test_07864,4,deer,0.8,task1/generated_images/cue_conflicts/cc_156_shape-ship_texture-deer.png,True,
cc_157,2,ship_to_deer,5000,test_05000,8,ship,5789,test_05789,4,deer,0.8,task1/generated_images/cue_conflicts/cc_157_shape-ship_texture-deer.png,True,
cc_158,2,ship_to_deer,1783,test_01783,8,ship,4054,test_04054,4,deer,0.8,task1/generated_images/cue_conflicts/cc_158_shape-ship_texture-deer.png,True,
cc_159,2,ship_to_deer,6689,test_06689,8,ship,766,test_00766,4,deer,0.8,task1/generated_images/cue_conflicts/cc_159_shape-ship_texture-deer.png,True,
cc_160,2,ship_to_deer,2340,test_02340,8,ship,1111,test_01111,4,deer,0.8,task1/generated_images/cue_conflicts/cc_160_shape-ship_texture-deer.png,True,
cc_161,2,ship_to_deer,716,test_00716,8,ship,2757,test_02757,4,deer,0.8,task1/generated_images/cue_conflicts/cc_161_shape-ship_texture-deer.png,True,
cc_162,2,ship_to_deer,3157,test_03157,8,ship,1429,test_01429,4,deer,0.8,task1/generated_images/cue_conflicts/cc_162_shape-ship_texture-deer.png,True,
cc_163,2,ship_to_deer,3412,test_03412,8,ship,691,test_00691,4,deer,0.8,task1/generated_images/cue_conflicts/cc_163_shape-ship_texture-deer.png,True,
cc_164,2,ship_to_deer,7999,test_07999,8,ship,3287,test_03287,4,deer,0.8,task1/generated_images/cue_conflicts/cc_164_shape-ship_texture-deer.png,True,
cc_165,2,ship_to_deer,1640,test_01640,8,ship,6528,test_06528,4,deer,0.8,task1/generated_images/cue_conflicts/cc_165_shape-ship_texture-deer.png,True,
cc_166,2,ship_to_deer,5694,test_05694,8,ship,6508,test_06508,4,deer,0.8,task1/generated_images/cue_conflicts/cc_166_shape-ship_texture-deer.png,False,main object shape is no longer visually recognizable
cc_167,2,ship_to_deer,7446,test_07446,8,ship,4642,test_04642,4,deer,0.8,task1/generated_images/cue_conflicts/cc_167_shape-ship_texture-deer.png,True,
cc_168,2,ship_to_deer,3015,test_03015,8,ship,5623,test_05623,4,deer,0.8,task1/generated_images/cue_conflicts/cc_168_shape-ship_texture-deer.png,True,
cc_169,2,ship_to_deer,2191,test_02191,8,ship,3034,test_03034,4,deer,0.8,task1/generated_images/cue_conflicts/cc_169_shape-ship_texture-deer.png,True,
cc_170,2,ship_to_deer,1833,test_01833,8,ship,3994,test_03994,4,deer,0.8,task1/generated_images/cue_conflicts/cc_170_shape-ship_texture-deer.png,True,
cc_171,2,ship_to_deer,1247,test_01247,8,ship,3365,test_03365,4,deer,0.8,task1/generated_images/cue_conflicts/cc_171_shape-ship_texture-deer.png,True,
cc_172,2,ship_to_deer,6434,test_06434,8,ship,7692,test_07692,4,deer,0.8,task1/generated_images/cue_conflicts/cc_172_shape-ship_texture-deer.png,True,
cc_173,2,ship_to_deer,4355,test_04355,8,ship,3512,test_03512,4,deer,0.8,task1/generated_images/cue_conflicts/cc_173_shape-ship_texture-deer.png,True,
cc_174,2,ship_to_deer,4311,test_04311,8,ship,5213,test_05213,4,deer,0.8,task1/generated_images/cue_conflicts/cc_174_shape-ship_texture-deer.png,True,
cc_175,2,ship_to_deer,739,test_00739,8,ship,3458,test_03458,4,deer,0.8,task1/generated_images/cue_conflicts/cc_175_shape-ship_texture-deer.png,True,
cc_176,2,ship_to_deer,962,test_00962,8,ship,5062,test_05062,4,deer,0.8,task1/generated_images/cue_conflicts/cc_176_shape-ship_texture-deer.png,True,
cc_177,2,ship_to_deer,7875,test_07875,8,ship,4629,test_04629,4,deer,0.8,task1/generated_images/cue_conflicts/cc_177_shape-ship_texture-deer.png,True,
cc_178,2,ship_to_deer,4069,test_04069,8,ship,5077,test_05077,4,deer,0.8,task1/generated_images/cue_conflicts/cc_178_shape-ship_texture-deer.png,True,
cc_179,2,ship_to_deer,2342,test_02342,8,ship,3078,test_03078,4,deer,0.8,task1/generated_images/cue_conflicts/cc_179_shape-ship_texture-deer.png,True,
cc_180,3,cat_to_truck,738,test_00738,3,cat,5788,test_05788,9,truck,0.8,task1/generated_images/cue_conflicts/cc_180_shape-cat_texture-truck.png,True,
cc_181,3,cat_to_truck,4168,test_04168,3,cat,6931,test_06931,9,truck,0.8,task1/generated_images/cue_conflicts/cc_181_shape-cat_texture-truck.png,True,
cc_182,3,cat_to_truck,7744,test_07744,3,cat,5590,test_05590,9,truck,0.8,task1/generated_images/cue_conflicts/cc_182_shape-cat_texture-truck.png,True,
cc_183,3,cat_to_truck,176,test_00176,3,cat,1411,test_01411,9,truck,0.8,task1/generated_images/cue_conflicts/cc_183_shape-cat_texture-truck.png,True,
cc_184,3,cat_to_truck,3276,test_03276,3,cat,1836,test_01836,9,truck,0.8,task1/generated_images/cue_conflicts/cc_184_shape-cat_texture-truck.png,True,
cc_185,3,cat_to_truck,672,test_00672,3,cat,2114,test_02114,9,truck,0.8,task1/generated_images/cue_conflicts/cc_185_shape-cat_texture-truck.png,True,
cc_186,3,cat_to_truck,2291,test_02291,3,cat,7544,test_07544,9,truck,0.8,task1/generated_images/cue_conflicts/cc_186_shape-cat_texture-truck.png,False,main object shape is no longer visually recognizable
cc_187,3,cat_to_truck,1204,test_01204,3,cat,2167,test_02167,9,truck,0.8,task1/generated_images/cue_conflicts/cc_187_shape-cat_texture-truck.png,True,
cc_188,3,cat_to_truck,2754,test_02754,3,cat,1022,test_01022,9,truck,0.8,task1/generated_images/cue_conflicts/cc_188_shape-cat_texture-truck.png,True,
cc_189,3,cat_to_truck,4215,test_04215,3,cat,7752,test_07752,9,truck,0.8,task1/generated_images/cue_conflicts/cc_189_shape-cat_texture-truck.png,True,
cc_190,3,cat_to_truck,365,test_00365,3,cat,5508,test_05508,9,truck,0.8,task1/generated_images/cue_conflicts/cc_190_shape-cat_texture-truck.png,True,
cc_191,3,cat_to_truck,3851,test_03851,3,cat,5981,test_05981,9,truck,0.8,task1/generated_images/cue_conflicts/cc_191_shape-cat_texture-truck.png,True,
cc_192,3,cat_to_truck,2536,test_02536,3,cat,3996,test_03996,9,truck,0.8,task1/generated_images/cue_conflicts/cc_192_shape-cat_texture-truck.png,True,
cc_193,3,cat_to_truck,4590,test_04590,3,cat,2414,test_02414,9,truck,0.8,task1/generated_images/cue_conflicts/cc_193_shape-cat_texture-truck.png,True,
cc_194,3,cat_to_truck,3914,test_03914,3,cat,7266,test_07266,9,truck,0.8,task1/generated_images/cue_conflicts/cc_194_shape-cat_texture-truck.png,True,
cc_195,3,cat_to_truck,979,test_00979,3,cat,5851,test_05851,9,truck,0.8,task1/generated_images/cue_conflicts/cc_195_shape-cat_texture-truck.png,True,
cc_196,3,cat_to_truck,7793,test_07793,3,cat,1515,test_01515,9,truck,0.8,task1/generated_images/cue_conflicts/cc_196_shape-cat_texture-truck.png,True,
cc_197,3,cat_to_truck,4908,test_04908,3,cat,7380,test_07380,9,truck,0.8,task1/generated_images/cue_conflicts/cc_197_shape-cat_texture-truck.png,True,
cc_198,3,cat_to_truck,2539,test_02539,3,cat,5447,test_05447,9,truck,0.8,task1/generated_images/cue_conflicts/cc_198_shape-cat_texture-truck.png,True,
cc_199,3,cat_to_truck,4229,test_04229,3,cat,3318,test_03318,9,truck,0.8,task1/generated_images/cue_conflicts/cc_199_shape-cat_texture-truck.png,True,
cc_200,3,cat_to_truck,4463,test_04463,3,cat,603,test_00603,9,truck,0.8,task1/generated_images/cue_conflicts/cc_200_shape-cat_texture-truck.png,True,
cc_201,3,cat_to_truck,5528,test_05528,3,cat,5915,test_05915,9,truck,0.8,task1/generated_images/cue_conflicts/cc_201_shape-cat_texture-truck.png,True,
cc_202,3,cat_to_truck,6952,test_06952,3,cat,131,test_00131,9,truck,0.8,task1/generated_images/cue_conflicts/cc_202_shape-cat_texture-truck.png,True,
cc_203,3,cat_to_truck,3383,test_03383,3,cat,276,test_00276,9,truck,0.8,task1/generated_images/cue_conflicts/cc_203_shape-cat_texture-truck.png,True,
cc_204,3,cat_to_truck,4531,test_04531,3,cat,2011,test_02011,9,truck,0.8,task1/generated_images/cue_conflicts/cc_204_shape-cat_texture-truck.png,False,main object shape is no longer visually recognizable
cc_205,3,cat_to_truck,1531,test_01531,3,cat,3893,test_03893,9,truck,0.8,task1/generated_images/cue_conflicts/cc_205_shape-cat_texture-truck.png,True,
cc_206,3,cat_to_truck,1370,test_01370,3,cat,7938,test_07938,9,truck,0.8,task1/generated_images/cue_conflicts/cc_206_shape-cat_texture-truck.png,True,
cc_207,3,cat_to_truck,3375,test_03375,3,cat,3942,test_03942,9,truck,0.8,task1/generated_images/cue_conflicts/cc_207_shape-cat_texture-truck.png,True,
cc_208,3,cat_to_truck,4323,test_04323,3,cat,2351,test_02351,9,truck,0.8,task1/generated_images/cue_conflicts/cc_208_shape-cat_texture-truck.png,True,
cc_209,3,cat_to_truck,2028,test_02028,3,cat,4449,test_04449,9,truck,0.8,task1/generated_images/cue_conflicts/cc_209_shape-cat_texture-truck.png,True,
cc_210,3,truck_to_cat,7995,test_07995,9,truck,6952,test_06952,3,cat,0.8,task1/generated_images/cue_conflicts/cc_210_shape-truck_texture-cat.png,True,
cc_211,3,truck_to_cat,131,test_00131,9,truck,979,test_00979,3,cat,0.8,task1/generated_images/cue_conflicts/cc_211_shape-truck_texture-cat.png,True,
cc_212,3,truck_to_cat,5572,test_05572,9,truck,4168,test_04168,3,cat,0.8,task1/generated_images/cue_conflicts/cc_212_shape-truck_texture-cat.png,True,
cc_213,3,truck_to_cat,2167,test_02167,9,truck,176,test_00176,3,cat,0.8,task1/generated_images/cue_conflicts/cc_213_shape-truck_texture-cat.png,True,
cc_214,3,truck_to_cat,239,test_00239,9,truck,2536,test_02536,3,cat,0.8,task1/generated_images/cue_conflicts/cc_214_shape-truck_texture-cat.png,True,
cc_215,3,truck_to_cat,5452,test_05452,9,truck,1263,test_01263,3,cat,0.8,task1/generated_images/cue_conflicts/cc_215_shape-truck_texture-cat.png,True,
cc_216,3,truck_to_cat,2114,test_02114,9,truck,2861,test_02861,3,cat,0.8,task1/generated_images/cue_conflicts/cc_216_shape-truck_texture-cat.png,True,
cc_217,3,truck_to_cat,1430,test_01430,9,truck,4531,test_04531,3,cat,0.8,task1/generated_images/cue_conflicts/cc_217_shape-truck_texture-cat.png,True,
cc_218,3,truck_to_cat,3318,test_03318,9,truck,4330,test_04330,3,cat,0.8,task1/generated_images/cue_conflicts/cc_218_shape-truck_texture-cat.png,True,
cc_219,3,truck_to_cat,4723,test_04723,9,truck,7744,test_07744,3,cat,0.8,task1/generated_images/cue_conflicts/cc_219_shape-truck_texture-cat.png,False,main object shape is no longer visually recognizable
cc_220,3,truck_to_cat,1515,test_01515,9,truck,1370,test_01370,3,cat,0.8,task1/generated_images/cue_conflicts/cc_220_shape-truck_texture-cat.png,True,
cc_221,3,truck_to_cat,2062,test_02062,9,truck,3375,test_03375,3,cat,0.8,task1/generated_images/cue_conflicts/cc_221_shape-truck_texture-cat.png,True,
cc_222,3,truck_to_cat,5788,test_05788,9,truck,3562,test_03562,3,cat,0.8,task1/generated_images/cue_conflicts/cc_222_shape-truck_texture-cat.png,True,
cc_223,3,truck_to_cat,5360,test_05360,9,truck,6490,test_06490,3,cat,0.8,task1/generated_images/cue_conflicts/cc_223_shape-truck_texture-cat.png,True,
cc_224,3,truck_to_cat,5447,test_05447,9,truck,738,test_00738,3,cat,0.8,task1/generated_images/cue_conflicts/cc_224_shape-truck_texture-cat.png,True,
cc_225,3,truck_to_cat,4094,test_04094,9,truck,632,test_00632,3,cat,0.8,task1/generated_images/cue_conflicts/cc_225_shape-truck_texture-cat.png,True,
cc_226,3,truck_to_cat,303,test_00303,9,truck,5528,test_05528,3,cat,0.8,task1/generated_images/cue_conflicts/cc_226_shape-truck_texture-cat.png,True,
cc_227,3,truck_to_cat,7380,test_07380,9,truck,4323,test_04323,3,cat,0.8,task1/generated_images/cue_conflicts/cc_227_shape-truck_texture-cat.png,True,
cc_228,3,truck_to_cat,3996,test_03996,9,truck,1563,test_01563,3,cat,0.8,task1/generated_images/cue_conflicts/cc_228_shape-truck_texture-cat.png,True,
cc_229,3,truck_to_cat,1654,test_01654,9,truck,1431,test_01431,3,cat,0.8,task1/generated_images/cue_conflicts/cc_229_shape-truck_texture-cat.png,True,
cc_230,3,truck_to_cat,3893,test_03893,9,truck,4229,test_04229,3,cat,0.8,task1/generated_images/cue_conflicts/cc_230_shape-truck_texture-cat.png,True,
cc_231,3,truck_to_cat,7752,test_07752,9,truck,3276,test_03276,3,cat,0.8,task1/generated_images/cue_conflicts/cc_231_shape-truck_texture-cat.png,False,severe artifacts obscure most of the image
cc_232,3,truck_to_cat,805,test_00805,9,truck,372,test_00372,3,cat,0.8,task1/generated_images/cue_conflicts/cc_232_shape-truck_texture-cat.png,True,
cc_233,3,truck_to_cat,7938,test_07938,9,truck,791,test_00791,3,cat,0.8,task1/generated_images/cue_conflicts/cc_233_shape-truck_texture-cat.png,True,
cc_234,3,truck_to_cat,603,test_00603,9,truck,7793,test_07793,3,cat,0.8,task1/generated_images/cue_conflicts/cc_234_shape-truck_texture-cat.png,True,
cc_235,3,truck_to_cat,1022,test_01022,9,truck,4215,test_04215,3,cat,0.8,task1/generated_images/cue_conflicts/cc_235_shape-truck_texture-cat.png,True,
cc_236,3,truck_to_cat,191,test_00191,9,truck,3914,test_03914,3,cat,0.8,task1/generated_images/cue_conflicts/cc_236_shape-truck_texture-cat.png,True,
cc_237,3,truck_to_cat,1468,test_01468,9,truck,3851,test_03851,3,cat,0.8,task1/generated_images/cue_conflicts/cc_237_shape-truck_texture-cat.png,True,
cc_238,3,truck_to_cat,5915,test_05915,9,truck,4590,test_04590,3,cat,0.8,task1/generated_images/cue_conflicts/cc_238_shape-truck_texture-cat.png,False,main object shape is no longer visually recognizable
cc_239,3,truck_to_cat,5981,test_05981,9,truck,4609,test_04609,3,cat,0.8,task1/generated_images/cue_conflicts/cc_239_shape-truck_texture-cat.png,True,
cc_240,4,dog_to_monkey,685,test_00685,5,dog,1711,test_01711,7,monkey,0.8,task1/generated_images/cue_conflicts/cc_240_shape-dog_texture-monkey.png,True,
cc_241,4,dog_to_monkey,1644,test_01644,5,dog,370,test_00370,7,monkey,0.8,task1/generated_images/cue_conflicts/cc_241_shape-dog_texture-monkey.png,True,
cc_242,4,dog_to_monkey,2334,test_02334,5,dog,323,test_00323,7,monkey,0.8,task1/generated_images/cue_conflicts/cc_242_shape-dog_texture-monkey.png,True,
cc_243,4,dog_to_monkey,3889,test_03889,5,dog,4308,test_04308,7,monkey,0.8,task1/generated_images/cue_conflicts/cc_243_shape-dog_texture-monkey.png,True,
cc_244,4,dog_to_monkey,7776,test_07776,5,dog,5436,test_05436,7,monkey,0.8,task1/generated_images/cue_conflicts/cc_244_shape-dog_texture-monkey.png,True,
cc_245,4,dog_to_monkey,5332,test_05332,5,dog,2746,test_02746,7,monkey,0.8,task1/generated_images/cue_conflicts/cc_245_shape-dog_texture-monkey.png,True,
cc_246,4,dog_to_monkey,6358,test_06358,5,dog,7270,test_07270,7,monkey,0.8,task1/generated_images/cue_conflicts/cc_246_shape-dog_texture-monkey.png,True,
cc_247,4,dog_to_monkey,2427,test_02427,5,dog,3288,test_03288,7,monkey,0.8,task1/generated_images/cue_conflicts/cc_247_shape-dog_texture-monkey.png,True,
cc_248,4,dog_to_monkey,5381,test_05381,5,dog,1296,test_01296,7,monkey,0.8,task1/generated_images/cue_conflicts/cc_248_shape-dog_texture-monkey.png,True,
cc_249,4,dog_to_monkey,6224,test_06224,5,dog,5719,test_05719,7,monkey,0.8,task1/generated_images/cue_conflicts/cc_249_shape-dog_texture-monkey.png,True,
cc_250,4,dog_to_monkey,1552,test_01552,5,dog,4403,test_04403,7,monkey,0.8,task1/generated_images/cue_conflicts/cc_250_shape-dog_texture-monkey.png,True,
cc_251,4,dog_to_monkey,1626,test_01626,5,dog,4748,test_04748,7,monkey,0.8,task1/generated_images/cue_conflicts/cc_251_shape-dog_texture-monkey.png,True,
cc_252,4,dog_to_monkey,2268,test_02268,5,dog,4704,test_04704,7,monkey,0.8,task1/generated_images/cue_conflicts/cc_252_shape-dog_texture-monkey.png,True,
cc_253,4,dog_to_monkey,6414,test_06414,5,dog,4661,test_04661,7,monkey,0.8,task1/generated_images/cue_conflicts/cc_253_shape-dog_texture-monkey.png,True,
cc_254,4,dog_to_monkey,2807,test_02807,5,dog,3467,test_03467,7,monkey,0.8,task1/generated_images/cue_conflicts/cc_254_shape-dog_texture-monkey.png,True,
cc_255,4,dog_to_monkey,6922,test_06922,5,dog,1579,test_01579,7,monkey,0.8,task1/generated_images/cue_conflicts/cc_255_shape-dog_texture-monkey.png,True,
cc_256,4,dog_to_monkey,7041,test_07041,5,dog,29,test_00029,7,monkey,0.8,task1/generated_images/cue_conflicts/cc_256_shape-dog_texture-monkey.png,True,
cc_257,4,dog_to_monkey,4106,test_04106,5,dog,3153,test_03153,7,monkey,0.8,task1/generated_images/cue_conflicts/cc_257_shape-dog_texture-monkey.png,True,
cc_258,4,dog_to_monkey,4953,test_04953,5,dog,1956,test_01956,7,monkey,0.8,task1/generated_images/cue_conflicts/cc_258_shape-dog_texture-monkey.png,True,
cc_259,4,dog_to_monkey,3353,test_03353,5,dog,2854,test_02854,7,monkey,0.8,task1/generated_images/cue_conflicts/cc_259_shape-dog_texture-monkey.png,False,main object shape is no longer visually recognizable
cc_260,4,dog_to_monkey,7413,test_07413,5,dog,6190,test_06190,7,monkey,0.8,task1/generated_images/cue_conflicts/cc_260_shape-dog_texture-monkey.png,True,
cc_261,4,dog_to_monkey,3863,test_03863,5,dog,6772,test_06772,7,monkey,0.8,task1/generated_images/cue_conflicts/cc_261_shape-dog_texture-monkey.png,True,
cc_262,4,dog_to_monkey,5701,test_05701,5,dog,1771,test_01771,7,monkey,0.8,task1/generated_images/cue_conflicts/cc_262_shape-dog_texture-monkey.png,True,
cc_263,4,dog_to_monkey,6716,test_06716,5,dog,1703,test_01703,7,monkey,0.8,task1/generated_images/cue_conflicts/cc_263_shape-dog_texture-monkey.png,True,
cc_264,4,dog_to_monkey,6989,test_06989,5,dog,5450,test_05450,7,monkey,0.8,task1/generated_images/cue_conflicts/cc_264_shape-dog_texture-monkey.png,True,
cc_265,4,dog_to_monkey,2950,test_02950,5,dog,1927,test_01927,7,monkey,0.8,task1/generated_images/cue_conflicts/cc_265_shape-dog_texture-monkey.png,True,
cc_266,4,dog_to_monkey,7130,test_07130,5,dog,1032,test_01032,7,monkey,0.8,task1/generated_images/cue_conflicts/cc_266_shape-dog_texture-monkey.png,True,
cc_267,4,dog_to_monkey,3852,test_03852,5,dog,3542,test_03542,7,monkey,0.8,task1/generated_images/cue_conflicts/cc_267_shape-dog_texture-monkey.png,True,
cc_268,4,dog_to_monkey,568,test_00568,5,dog,5977,test_05977,7,monkey,0.8,task1/generated_images/cue_conflicts/cc_268_shape-dog_texture-monkey.png,True,
cc_269,4,dog_to_monkey,4850,test_04850,5,dog,1884,test_01884,7,monkey,0.8,task1/generated_images/cue_conflicts/cc_269_shape-dog_texture-monkey.png,True,
cc_270,4,monkey_to_dog,29,test_00029,7,monkey,7474,test_07474,5,dog,0.8,task1/generated_images/cue_conflicts/cc_270_shape-monkey_texture-dog.png,True,
cc_271,4,monkey_to_dog,4748,test_04748,7,monkey,3852,test_03852,5,dog,0.8,task1/generated_images/cue_conflicts/cc_271_shape-monkey_texture-dog.png,True,
cc_272,4,monkey_to_dog,1956,test_01956,7,monkey,5381,test_05381,5,dog,0.8,task1/generated_images/cue_conflicts/cc_272_shape-monkey_texture-dog.png,False,main object shape is no longer visually recognizable
cc_273,4,monkey_to_dog,1220,test_01220,7,monkey,1877,test_01877,5,dog,0.8,task1/generated_images/cue_conflicts/cc_273_shape-monkey_texture-dog.png,True,
cc_274,4,monkey_to_dog,4172,test_04172,7,monkey,6922,test_06922,5,dog,0.8,task1/generated_images/cue_conflicts/cc_274_shape-monkey_texture-dog.png,True,
cc_275,4,monkey_to_dog,2501,test_02501,7,monkey,4953,test_04953,5,dog,0.8,task1/generated_images/cue_conflicts/cc_275_shape-monkey_texture-dog.png,True,
cc_276,4,monkey_to_dog,4403,test_04403,7,monkey,1626,test_01626,5,dog,0.8,task1/generated_images/cue_conflicts/cc_276_shape-monkey_texture-dog.png,True,
cc_277,4,monkey_to_dog,6772,test_06772,7,monkey,2950,test_02950,5,dog,0.8,task1/generated_images/cue_conflicts/cc_277_shape-monkey_texture-dog.png,False,main object shape is no longer visually recognizable
cc_278,4,monkey_to_dog,4308,test_04308,7,monkey,7706,test_07706,5,dog,0.8,task1/generated_images/cue_conflicts/cc_278_shape-monkey_texture-dog.png,True,
cc_279,4,monkey_to_dog,1884,test_01884,7,monkey,1095,test_01095,5,dog,0.8,task1/generated_images/cue_conflicts/cc_279_shape-monkey_texture-dog.png,True,
cc_280,4,monkey_to_dog,3467,test_03467,7,monkey,2334,test_02334,5,dog,0.8,task1/generated_images/cue_conflicts/cc_280_shape-monkey_texture-dog.png,True,
cc_281,4,monkey_to_dog,3542,test_03542,7,monkey,2391,test_02391,5,dog,0.8,task1/generated_images/cue_conflicts/cc_281_shape-monkey_texture-dog.png,True,
cc_282,4,monkey_to_dog,1287,test_01287,7,monkey,97,test_00097,5,dog,0.8,task1/generated_images/cue_conflicts/cc_282_shape-monkey_texture-dog.png,True,
cc_283,4,monkey_to_dog,5436,test_05436,7,monkey,7130,test_07130,5,dog,0.8,task1/generated_images/cue_conflicts/cc_283_shape-monkey_texture-dog.png,True,
cc_284,4,monkey_to_dog,323,test_00323,7,monkey,5332,test_05332,5,dog,0.8,task1/generated_images/cue_conflicts/cc_284_shape-monkey_texture-dog.png,True,
cc_285,4,monkey_to_dog,1296,test_01296,7,monkey,5496,test_05496,5,dog,0.8,task1/generated_images/cue_conflicts/cc_285_shape-monkey_texture-dog.png,True,
cc_286,4,monkey_to_dog,1440,test_01440,7,monkey,3863,test_03863,5,dog,0.8,task1/generated_images/cue_conflicts/cc_286_shape-monkey_texture-dog.png,True,
cc_287,4,monkey_to_dog,5719,test_05719,7,monkey,5701,test_05701,5,dog,0.8,task1/generated_images/cue_conflicts/cc_287_shape-monkey_texture-dog.png,True,
cc_288,4,monkey_to_dog,1579,test_01579,7,monkey,3353,test_03353,5,dog,0.8,task1/generated_images/cue_conflicts/cc_288_shape-monkey_texture-dog.png,True,
cc_289,4,monkey_to_dog,2668,test_02668,7,monkey,6716,test_06716,5,dog,0.8,task1/generated_images/cue_conflicts/cc_289_shape-monkey_texture-dog.png,True,
cc_290,4,monkey_to_dog,4661,test_04661,7,monkey,6414,test_06414,5,dog,0.8,task1/generated_images/cue_conflicts/cc_290_shape-monkey_texture-dog.png,True,
cc_291,4,monkey_to_dog,3404,test_03404,7,monkey,378,test_00378,5,dog,0.8,task1/generated_images/cue_conflicts/cc_291_shape-monkey_texture-dog.png,True,
cc_292,4,monkey_to_dog,5450,test_05450,7,monkey,4290,test_04290,5,dog,0.8,task1/generated_images/cue_conflicts/cc_292_shape-monkey_texture-dog.png,True,
cc_293,4,monkey_to_dog,5848,test_05848,7,monkey,4850,test_04850,5,dog,0.8,task1/generated_images/cue_conflicts/cc_293_shape-monkey_texture-dog.png,True,
cc_294,4,monkey_to_dog,3446,test_03446,7,monkey,3889,test_03889,5,dog,0.8,task1/generated_images/cue_conflicts/cc_294_shape-monkey_texture-dog.png,False,main object shape is no longer visually recognizable
cc_295,4,monkey_to_dog,2854,test_02854,7,monkey,2265,test_02265,5,dog,0.8,task1/generated_images/cue_conflicts/cc_295_shape-monkey_texture-dog.png,True,
cc_296,4,monkey_to_dog,6726,test_06726,7,monkey,7776,test_07776,5,dog,0.8,task1/generated_images/cue_conflicts/cc_296_shape-monkey_texture-dog.png,True,
cc_297,4,monkey_to_dog,6650,test_06650,7,monkey,6224,test_06224,5,dog,0.8,task1/generated_images/cue_conflicts/cc_297_shape-monkey_texture-dog.png,True,
cc_298,4,monkey_to_dog,5977,test_05977,7,monkey,5101,test_05101,5,dog,0.8,task1/generated_images/cue_conflicts/cc_298_shape-monkey_texture-dog.png,True,
cc_299,4,monkey_to_dog,1771,test_01771,7,monkey,4570,test_04570,5,dog,0.8,task1/generated_images/cue_conflicts/cc_299_shape-monkey_texture-dog.png,True,
