epoch,learning_rate,train_total_loss,train_classifier_placeholder_loss,train_classification_loss,train_runner_up_dummy_loss,train_data_placeholder_loss,train_mean_mixup_lambda,validation_loss,validation_accuracy,validation_macro_f1
1,0.0009990133642141358,0.5087725210295783,0.22971945962376064,0.08809381229612562,0.1416256473534637,2.7905305609173245,0.4990461204210917,0.1977463515639305,0.9482,0.948312822428002
2,0.000996057350657239,0.3231243393474155,0.1205980693605211,0.10478359655804104,0.01581447279204925,2.025262664137946,0.49781247460047406,0.19259014813899994,0.9442,0.9443408074199034
3,0.0009911436253643444,0.30095952161153156,0.11702268991205428,0.10321862843301562,0.013804061509172122,1.8393682792663575,0.5012904177718692,0.2313980979204178,0.9346,0.9347681874770117
4,0.0009842915805643156,0.26891883489290874,0.11340676021046109,0.09932948922051324,0.01407727096411917,1.5551207242329916,0.49878571725421483,0.3008274392127991,0.9184,0.9183277147881462
5,0.0009755282581475769,0.2060910760667589,0.10759875826835633,0.08971388989024692,0.017884868390030333,0.9849231577608321,0.499737775654263,0.33412556056976317,0.911,0.9115719484271538
6,0.0009648882429441258,0.11295281022787095,0.07755810992452833,0.05672667291561762,0.02083143696354495,0.3539469947417577,0.4987333443641663,0.3250670739173889,0.9178,0.9179427611856301
7,0.0009524135262330099,0.07148765363163419,0.05426708314352565,0.036635937201976776,0.01763114590065347,0.17220570440292357,0.5000011855178409,0.3161525836467743,0.9228,0.9229196008851501
8,0.0009381533400219318,0.059098608762025835,0.0478039473745558,0.0314313066151407,0.01637264075792498,0.11294661337799496,0.5024068112479316,0.3039990795135498,0.9214,0.9212962403741489
9,0.0009221639627510075,0.04983605065809356,0.04051510175863902,0.026379952896303602,0.01413514887591203,0.0932094893111123,0.5013151880900065,0.33965304074287417,0.9224,0.9226226814302005
10,0.0009045084971874736,0.042020183120833506,0.034452296396096545,0.022026719210876358,0.012425577185220188,0.07567886710829205,0.5004686921225654,0.39207679862976075,0.9154,0.9159765699725174
11,0.0008852566213878945,0.03648871946500407,0.03007788918912411,0.019337761847509276,0.01074012734086977,0.06410830271641413,0.498258182281918,0.3514689652442932,0.9252,0.9256003916006232
12,0.0008644843137107056,0.03395545569691393,0.028186763773361843,0.01802520439889696,0.01016155937520994,0.0576869199819035,0.4971538282818264,0.3431054102897644,0.9202,0.9207387468560052
13,0.0008422735529643443,0.029886578430069817,0.024726239287853242,0.01583460565176275,0.008891633637580606,0.051603391129440734,0.5006400410122341,0.3628437117099762,0.9208,0.9213087212241347
14,0.0008187119948743448,0.028534896302223205,0.023906133369604746,0.015291087142626444,0.008615046257277329,0.04628762914074792,0.4981582922405667,0.41683383989334105,0.9164,0.9162746061709679
15,0.0007938926261462366,0.02865974707139863,0.024146216903792487,0.015491110344727834,0.008655106544660198,0.04513530159062809,0.4977222307258182,0.3580106348991394,0.923,0.92322963730546
16,0.0007679133974894982,0.02491281697716978,0.020660949707362385,0.013080086935559909,0.007580862760461039,0.042518673068947264,0.5011691129260593,0.3150556618690491,0.925,0.9255786313354895
17,0.0007408768370508576,0.024239283112684886,0.02026864370206992,0.012909438827302722,0.007359204885363579,0.03970639365580347,0.4993843411021762,0.3567041332244873,0.9206,0.9211986958255254
18,0.0007128896457825362,0.023312366607785226,0.01953512247916725,0.01243023232329223,0.00710489015587502,0.037772441142466334,0.4992127184232076,0.39829906644821167,0.9198,0.920285389807086
19,0.0006840622763423389,0.02278847175306744,0.01943299085299174,0.012297557974027262,0.00713543290015724,0.033554808721277446,0.5012605309804281,0.40169701795578006,0.921,0.9214842058831971
20,0.0006545084971874735,0.02037390281756719,0.017199653198983936,0.01079254142443339,0.006407111788127157,0.031742495906352995,0.4998778200679355,0.4326081219673157,0.9206,0.9211865405067006
21,0.0006243449435824271,0.020741755747463966,0.017709486622280543,0.011359125942985217,0.006350360689891709,0.030322691821720864,0.4991789396497938,0.4312089868545532,0.9158,0.916158380689178
22,0.0005936906572928622,0.020025983454783756,0.017095524803797404,0.010887064149147934,0.006208460653904411,0.029304586537679037,0.5003078266567654,0.44339369621276853,0.9214,0.9216307649960243
23,0.000562666616782152,0.01749211178123951,0.014673229360580445,0.00918636204948028,0.005486867311100165,0.028188824292023976,0.4985047358883752,0.42429122047424317,0.9236,0.9243050044674878
24,0.0005313952597646566,0.01871308989541398,0.016002036291360856,0.00999443461091982,0.006007601679695977,0.027110536416702802,0.4998543568611145,0.4389790063858032,0.9176,0.9180519999747794
25,0.0004999999999999998,0.017178326915370093,0.01456637682368358,0.009057803821894857,0.005508573002161251,0.026119501134753226,0.5002592250294156,0.3764777439594269,0.9268,0.9270619275550815
26,0.00046860474023534314,0.017652415877083938,0.015159201823174954,0.009735336738079785,0.005423865090393358,0.024932140827510094,0.49912044891251456,0.40938127613067626,0.9232,0.923544416625462
27,0.00043733338321784774,0.017350921118921704,0.014915785091453129,0.009486403517921765,0.005429381571213404,0.024351360380649566,0.5014743063926697,0.41140170001983645,0.924,0.9243593163637147
28,0.00040630934270713756,0.01807884050607681,0.015716307619214057,0.009927347066667345,0.005788960579037666,0.02362532868915134,0.4990570731798808,0.43749095735549925,0.9148,0.9154246692005226
29,0.00037565505641757246,0.016574248258438375,0.014237936375538508,0.008994757276359532,0.005243179093135728,0.023363118654489517,0.4979251925468445,0.43246683626174925,0.9206,0.9207405446970359
30,0.00034549150281252633,0.015783345701131556,0.013480677032967408,0.00840914395145244,0.00507153309173882,0.023026686715748576,0.5001348357412551,0.44273943972587587,0.9232,0.9230862916433715
31,0.00031593772365766105,0.014700001182821061,0.012447663667632473,0.007834992043508423,0.004612671634720431,0.022523375293943618,0.4991687405162387,0.39337354984283446,0.9234,0.9238903438243513
32,0.00028711035421746355,0.014766230197416411,0.012593131282925605,0.007781192053771681,0.0048119392022904425,0.021730988726350996,0.5024507666269938,0.40966811380386353,0.9244,0.9246935602625861
33,0.0002591231629491422,0.014236611404021582,0.012081086068848768,0.00757499583048953,0.004506090248955621,0.021555253652731577,0.499506770547231,0.3933819489479065,0.9304,0.9303887860476246
34,0.00023208660251050145,0.014018168522251977,0.011905454595221413,0.00739530332452721,0.004510151248756382,0.021127139144473606,0.49971220319535997,0.37146355295181277,0.928,0.928047137232543
35,0.00020610737385376337,0.014498190932803684,0.012422662474049462,0.007713909090227551,0.004708753384566969,0.02075528480741713,0.4994432747840881,0.42981195330619815,0.926,0.9264564282172383
36,0.00018128800512565502,0.013084154733022053,0.01102795642349455,0.006673105722665787,0.004354850700000922,0.020561983099248674,0.5021299869113498,0.43525345797538756,0.9222,0.922433136110131
37,0.00015772644703565555,0.012979459903306432,0.010928811506761445,0.006710516659335958,0.004218294853468736,0.02050648418996069,0.4999592546251085,0.42094985933303836,0.9238,0.9239931187668583
38,0.00013551568628929425,0.013396211623979939,0.011360444020231565,0.007109794664217366,0.004250649377952019,0.020357675806681314,0.498721797185474,0.4276783062934876,0.9274,0.9278432673841557
39,0.00011474337861210535,0.01394941880752643,0.01192205013765229,0.007370548190176487,0.004551501968296037,0.020273686757683755,0.49934620735380386,0.4521757130622864,0.9232,0.923634871365407
40,9.549150281252626e-05,0.014554550471570756,0.012538020945919885,0.007819276721609963,0.004718744234906302,0.02016529555718104,0.5012936072985331,0.4483738255500793,0.9264,0.9265289660343393
41,7.783603724899252e-05,0.012274154378970463,0.010286685302439664,0.006255401086558898,0.004031284221178956,0.019874690395262507,0.4989485716766781,0.4355282611846924,0.9218,0.9221516895059558
42,6.184665997806817e-05,0.013504686051275996,0.011524910243352254,0.007233238649616639,0.004291671610002716,0.01979775775372982,0.5016147129800584,0.41196540298461914,0.9278,0.9280821232387033
43,4.7586473766990294e-05,0.013656917376319567,0.011687712794542313,0.007244479608535767,0.0044432331557075185,0.0196920456469059,0.5001488758563996,0.4428252049446106,0.9204,0.9206545591914365
44,3.5111757055874305e-05,0.01240574901666906,0.010446024973193805,0.006512300782402357,0.003933724191536506,0.019597240867548518,0.5039113891389635,0.44814009823799134,0.9208,0.9211571339999278
45,2.4471741852423218e-05,0.01242611741423607,0.010486764271391762,0.006491594637930393,0.003995169644802809,0.01939353144996696,0.49868807322184244,0.44749431142807006,0.9206,0.9212749672162215
46,1.5708419435684507e-05,0.01290140874783198,0.010977195014887385,0.006754929866393407,0.004222265122003025,0.019242137229773734,0.5005176419417063,0.4436638144493103,0.9258,0.9264344108889029
47,8.856374635655634e-06,0.011871108420689901,0.009937733443246947,0.006009129433499442,0.0039286039885547425,0.01933374965455797,0.500341969982783,0.4047104202270508,0.9278,0.9279325376039701
48,3.942649342761115e-06,0.012664619817667538,0.010716997935705715,0.006578081629176935,0.004138916328094072,0.01947621875769562,0.5007078778266907,0.4091782103538513,0.9262,0.9265305772605682
49,9.866357858642198e-07,0.012933892163468732,0.010999238501323593,0.00676016723861297,0.004239071273679534,0.019346536725097233,0.4990223493629032,0.44522439346313475,0.9244,0.924645995642311
50,0.0,0.013387594465911389,0.011462590890460544,0.007034872160851955,0.004427718729608589,0.01925003562503391,0.49972994849416946,0.4236624613761902,0.9236,0.9239984559162439
