model_name,candidate_id,pair_id,direction,content_identifier,shape_class_id,shape_class_name,style_identifier,texture_class_id,texture_class_name,style_strength,image_path,predicted_class_id,predicted_class_name,choice,maximum_confidence,shape_probability,texture_probability
resnet50_linear,cc_000,0,airplane_to_bird,test_05918,0,airplane,test_05560,1,bird,0.8,task1/generated_images/cue_conflicts/cc_000_shape-airplane_texture-bird.png,1,bird,texture,0.96815544,2.257591e-05,0.96815544
resnet50_linear,cc_001,0,airplane_to_bird,test_02750,0,airplane,test_05092,1,bird,0.8,task1/generated_images/cue_conflicts/cc_001_shape-airplane_texture-bird.png,1,bird,texture,0.9078235,0.0005128767,0.9078235
resnet50_linear,cc_002,0,airplane_to_bird,test_03025,0,airplane,test_04298,1,bird,0.8,task1/generated_images/cue_conflicts/cc_002_shape-airplane_texture-bird.png,1,bird,texture,0.90556175,0.0050737397,0.90556175
resnet50_linear,cc_003,0,airplane_to_bird,test_07320,0,airplane,test_02116,1,bird,0.8,task1/generated_images/cue_conflicts/cc_003_shape-airplane_texture-bird.png,1,bird,texture,0.99093705,0.0002092347,0.99093705
resnet50_linear,cc_004,0,airplane_to_bird,test_06609,0,airplane,test_01993,1,bird,0.8,task1/generated_images/cue_conflicts/cc_004_shape-airplane_texture-bird.png,1,bird,texture,0.9589268,0.0017173722,0.9589268
resnet50_linear,cc_005,0,airplane_to_bird,test_04615,0,airplane,test_00261,1,bird,0.8,task1/generated_images/cue_conflicts/cc_005_shape-airplane_texture-bird.png,1,bird,texture,0.88016057,0.09812479,0.88016057
resnet50_linear,cc_006,0,airplane_to_bird,test_05912,0,airplane,test_01090,1,bird,0.8,task1/generated_images/cue_conflicts/cc_006_shape-airplane_texture-bird.png,0,airplane,shape,0.7556287,0.7556287,0.10514767
resnet50_linear,cc_007,0,airplane_to_bird,test_01596,0,airplane,test_01115,1,bird,0.8,task1/generated_images/cue_conflicts/cc_007_shape-airplane_texture-bird.png,1,bird,texture,0.47187263,0.0002746049,0.47187263
resnet50_linear,cc_008,0,airplane_to_bird,test_03347,0,airplane,test_01230,1,bird,0.8,task1/generated_images/cue_conflicts/cc_008_shape-airplane_texture-bird.png,1,bird,texture,0.9925569,6.702158e-06,0.9925569
resnet50_linear,cc_009,0,airplane_to_bird,test_07634,0,airplane,test_07202,1,bird,0.8,task1/generated_images/cue_conflicts/cc_009_shape-airplane_texture-bird.png,1,bird,texture,0.7858216,0.00036638646,0.7858216
resnet50_linear,cc_010,0,airplane_to_bird,test_05117,0,airplane,test_05220,1,bird,0.8,task1/generated_images/cue_conflicts/cc_010_shape-airplane_texture-bird.png,1,bird,texture,0.9972063,0.0017574562,0.9972063
resnet50_linear,cc_011,0,airplane_to_bird,test_00484,0,airplane,test_01436,1,bird,0.8,task1/generated_images/cue_conflicts/cc_011_shape-airplane_texture-bird.png,1,bird,texture,0.9078641,0.00016514356,0.9078641
resnet50_linear,cc_012,0,airplane_to_bird,test_04785,0,airplane,test_03413,1,bird,0.8,task1/generated_images/cue_conflicts/cc_012_shape-airplane_texture-bird.png,1,bird,texture,0.9978344,0.000261002,0.9978344
resnet50_linear,cc_013,0,airplane_to_bird,test_07009,0,airplane,test_05488,1,bird,0.8,task1/generated_images/cue_conflicts/cc_013_shape-airplane_texture-bird.png,4,deer,other,0.6261315,0.018260857,0.08639489
resnet50_linear,cc_014,0,airplane_to_bird,test_01648,0,airplane,test_06169,1,bird,0.8,task1/generated_images/cue_conflicts/cc_014_shape-airplane_texture-bird.png,1,bird,texture,0.9935822,4.0427498e-05,0.9935822
resnet50_linear,cc_015,0,airplane_to_bird,test_00081,0,airplane,test_06349,1,bird,0.8,task1/generated_images/cue_conflicts/cc_015_shape-airplane_texture-bird.png,4,deer,other,0.79440284,0.0004848523,0.19284345
resnet50_linear,cc_016,0,airplane_to_bird,test_04675,0,airplane,test_02687,1,bird,0.8,task1/generated_images/cue_conflicts/cc_016_shape-airplane_texture-bird.png,1,bird,texture,0.993733,3.3422693e-05,0.993733
resnet50_linear,cc_017,0,airplane_to_bird,test_00003,0,airplane,test_03550,1,bird,0.8,task1/generated_images/cue_conflicts/cc_017_shape-airplane_texture-bird.png,8,ship,other,0.64156216,0.32150838,0.0019662322
resnet50_linear,cc_018,0,airplane_to_bird,test_05999,0,airplane,test_00116,1,bird,0.8,task1/generated_images/cue_conflicts/cc_018_shape-airplane_texture-bird.png,1,bird,texture,0.9883631,0.0007508553,0.9883631
resnet50_linear,cc_019,0,airplane_to_bird,test_07465,0,airplane,test_01852,1,bird,0.8,task1/generated_images/cue_conflicts/cc_019_shape-airplane_texture-bird.png,0,airplane,shape,0.46450427,0.46450427,0.29944843
resnet50_linear,cc_020,0,airplane_to_bird,test_04130,0,airplane,test_01871,1,bird,0.8,task1/generated_images/cue_conflicts/cc_020_shape-airplane_texture-bird.png,1,bird,texture,0.99857867,4.3191053e-06,0.99857867
resnet50_linear,cc_021,0,airplane_to_bird,test_04819,0,airplane,test_07955,1,bird,0.8,task1/generated_images/cue_conflicts/cc_021_shape-airplane_texture-bird.png,1,bird,texture,0.9965418,9.672302e-06,0.9965418
resnet50_linear,cc_022,0,airplane_to_bird,test_03965,0,airplane,test_01109,1,bird,0.8,task1/generated_images/cue_conflicts/cc_022_shape-airplane_texture-bird.png,1,bird,texture,0.47405988,0.4032684,0.47405988
resnet50_linear,cc_023,0,airplane_to_bird,test_00562,0,airplane,test_06836,1,bird,0.8,task1/generated_images/cue_conflicts/cc_023_shape-airplane_texture-bird.png,1,bird,texture,0.9720028,6.1037044e-06,0.9720028
resnet50_linear,cc_024,0,airplane_to_bird,test_04893,0,airplane,test_00825,1,bird,0.8,task1/generated_images/cue_conflicts/cc_024_shape-airplane_texture-bird.png,1,bird,texture,0.88313955,0.10521281,0.88313955
resnet50_linear,cc_025,0,airplane_to_bird,test_01553,0,airplane,test_03491,1,bird,0.8,task1/generated_images/cue_conflicts/cc_025_shape-airplane_texture-bird.png,1,bird,texture,0.9602232,0.002588958,0.9602232
resnet50_linear,cc_026,0,airplane_to_bird,test_01175,0,airplane,test_07033,1,bird,0.8,task1/generated_images/cue_conflicts/cc_026_shape-airplane_texture-bird.png,1,bird,texture,0.72390324,0.0001042176,0.72390324
resnet50_linear,cc_027,0,airplane_to_bird,test_03876,0,airplane,test_00304,1,bird,0.8,task1/generated_images/cue_conflicts/cc_027_shape-airplane_texture-bird.png,9,truck,other,0.44937244,0.4020746,0.0003341829
resnet50_linear,cc_028,0,airplane_to_bird,test_02888,0,airplane,test_01986,1,bird,0.8,task1/generated_images/cue_conflicts/cc_028_shape-airplane_texture-bird.png,1,bird,texture,0.9566385,0.0055018854,0.9566385
resnet50_linear,cc_029,0,airplane_to_bird,test_05478,0,airplane,test_05123,1,bird,0.8,task1/generated_images/cue_conflicts/cc_029_shape-airplane_texture-bird.png,1,bird,texture,0.9275513,7.187129e-05,0.9275513
resnet50_linear,cc_030,0,bird_to_airplane,test_02178,1,bird,test_05912,0,airplane,0.8,task1/generated_images/cue_conflicts/cc_030_shape-bird_texture-airplane.png,1,bird,shape,0.99974054,0.99974054,4.213641e-05
resnet50_linear,cc_031,0,bird_to_airplane,test_00825,1,bird,test_00042,0,airplane,0.8,task1/generated_images/cue_conflicts/cc_031_shape-bird_texture-airplane.png,1,bird,shape,0.9946465,0.9946465,0.00053005706
resnet50_linear,cc_032,0,bird_to_airplane,test_07202,1,bird,test_01553,0,airplane,0.8,task1/generated_images/cue_conflicts/cc_032_shape-bird_texture-airplane.png,0,airplane,texture,0.7750612,0.12399757,0.7750612
resnet50_linear,cc_033,0,bird_to_airplane,test_06076,1,bird,test_04539,0,airplane,0.8,task1/generated_images/cue_conflicts/cc_033_shape-bird_texture-airplane.png,1,bird,shape,0.9979602,0.9979602,0.00038247823
resnet50_linear,cc_034,0,bird_to_airplane,test_05220,1,bird,test_03455,0,airplane,0.8,task1/generated_images/cue_conflicts/cc_034_shape-bird_texture-airplane.png,9,truck,other,0.4511806,0.0109205125,0.025229087
resnet50_linear,cc_035,0,bird_to_airplane,test_01986,1,bird,test_04893,0,airplane,0.8,task1/generated_images/cue_conflicts/cc_035_shape-bird_texture-airplane.png,1,bird,shape,0.99980944,0.99980944,9.870117e-06
resnet50_linear,cc_036,0,bird_to_airplane,test_00095,1,bird,test_02750,0,airplane,0.8,task1/generated_images/cue_conflicts/cc_036_shape-bird_texture-airplane.png,1,bird,shape,0.86205995,0.86205995,0.0015090326
resnet50_linear,cc_038,0,bird_to_airplane,test_03937,1,bird,test_01977,0,airplane,0.8,task1/generated_images/cue_conflicts/cc_038_shape-bird_texture-airplane.png,1,bird,shape,0.9869599,0.9869599,0.0076138875
resnet50_linear,cc_039,0,bird_to_airplane,test_03550,1,bird,test_00081,0,airplane,0.8,task1/generated_images/cue_conflicts/cc_039_shape-bird_texture-airplane.png,1,bird,shape,0.9285086,0.9285086,0.00022675304
resnet50_linear,cc_040,0,bird_to_airplane,test_03491,1,bird,test_06437,0,airplane,0.8,task1/generated_images/cue_conflicts/cc_040_shape-bird_texture-airplane.png,1,bird,shape,0.9996867,0.9996867,5.542515e-06
resnet50_linear,cc_041,0,bird_to_airplane,test_01436,1,bird,test_05918,0,airplane,0.8,task1/generated_images/cue_conflicts/cc_041_shape-bird_texture-airplane.png,1,bird,shape,0.9997812,0.9997812,5.0092396e-05
resnet50_linear,cc_042,0,bird_to_airplane,test_01109,1,bird,test_07373,0,airplane,0.8,task1/generated_images/cue_conflicts/cc_042_shape-bird_texture-airplane.png,0,airplane,texture,0.9723094,0.02007224,0.9723094
resnet50_linear,cc_043,0,bird_to_airplane,test_00116,1,bird,test_05999,0,airplane,0.8,task1/generated_images/cue_conflicts/cc_043_shape-bird_texture-airplane.png,1,bird,shape,0.9996623,0.9996623,9.533023e-05
resnet50_linear,cc_044,0,bird_to_airplane,test_01871,1,bird,test_07634,0,airplane,0.8,task1/generated_images/cue_conflicts/cc_044_shape-bird_texture-airplane.png,1,bird,shape,0.9984933,0.9984933,0.000543186
resnet50_linear,cc_045,0,bird_to_airplane,test_06169,1,bird,test_02024,0,airplane,0.8,task1/generated_images/cue_conflicts/cc_045_shape-bird_texture-airplane.png,8,ship,other,0.76073563,0.03206441,0.19609769
resnet50_linear,cc_046,0,bird_to_airplane,test_01230,1,bird,test_06609,0,airplane,0.8,task1/generated_images/cue_conflicts/cc_046_shape-bird_texture-airplane.png,1,bird,shape,0.85690147,0.85690147,0.038836177
resnet50_linear,cc_047,0,bird_to_airplane,test_01568,1,bird,test_04399,0,airplane,0.8,task1/generated_images/cue_conflicts/cc_047_shape-bird_texture-airplane.png,1,bird,shape,0.9961994,0.9961994,0.00010738303
resnet50_linear,cc_049,0,bird_to_airplane,test_07029,1,bird,test_07009,0,airplane,0.8,task1/generated_images/cue_conflicts/cc_049_shape-bird_texture-airplane.png,1,bird,shape,0.9997514,0.9997514,2.0500194e-05
resnet50_linear,cc_050,0,bird_to_airplane,test_06594,1,bird,test_01596,0,airplane,0.8,task1/generated_images/cue_conflicts/cc_050_shape-bird_texture-airplane.png,1,bird,shape,0.81131965,0.81131965,0.025614703
resnet50_linear,cc_051,0,bird_to_airplane,test_03413,1,bird,test_03025,0,airplane,0.8,task1/generated_images/cue_conflicts/cc_051_shape-bird_texture-airplane.png,1,bird,shape,0.8450781,0.8450781,0.016324328
resnet50_linear,cc_052,0,bird_to_airplane,test_00198,1,bird,test_06455,0,airplane,0.8,task1/generated_images/cue_conflicts/cc_052_shape-bird_texture-airplane.png,1,bird,shape,0.99980193,0.99980193,5.969454e-06
resnet50_linear,cc_053,0,bird_to_airplane,test_02690,1,bird,test_06986,0,airplane,0.8,task1/generated_images/cue_conflicts/cc_053_shape-bird_texture-airplane.png,8,ship,other,0.6996951,0.025545415,0.25689974
resnet50_linear,cc_054,0,bird_to_airplane,test_06954,1,bird,test_05117,0,airplane,0.8,task1/generated_images/cue_conflicts/cc_054_shape-bird_texture-airplane.png,1,bird,shape,0.9965126,0.9965126,0.0005062376
resnet50_linear,cc_056,0,bird_to_airplane,test_06938,1,bird,test_03876,0,airplane,0.8,task1/generated_images/cue_conflicts/cc_056_shape-bird_texture-airplane.png,1,bird,shape,0.7123161,0.7123161,0.07014929
resnet50_linear,cc_057,0,bird_to_airplane,test_01115,1,bird,test_03437,0,airplane,0.8,task1/generated_images/cue_conflicts/cc_057_shape-bird_texture-airplane.png,1,bird,shape,0.99870455,0.99870455,9.386519e-06
resnet50_linear,cc_059,0,bird_to_airplane,test_04640,1,bird,test_02242,0,airplane,0.8,task1/generated_images/cue_conflicts/cc_059_shape-bird_texture-airplane.png,1,bird,shape,0.99975866,0.99975866,5.9301583e-06
resnet50_linear,cc_060,1,car_to_horse,test_03755,2,car,test_02676,6,horse,0.8,task1/generated_images/cue_conflicts/cc_060_shape-car_texture-horse.png,2,car,shape,0.96599203,0.96599203,0.006130412
resnet50_linear,cc_061,1,car_to_horse,test_00035,2,car,test_04731,6,horse,0.8,task1/generated_images/cue_conflicts/cc_061_shape-car_texture-horse.png,1,bird,other,0.615369,0.0011039436,0.013399331
resnet50_linear,cc_062,1,car_to_horse,test_01520,2,car,test_03191,6,horse,0.8,task1/generated_images/cue_conflicts/cc_062_shape-car_texture-horse.png,2,car,shape,0.46566534,0.46566534,0.07755562
resnet50_linear,cc_063,1,car_to_horse,test_00409,2,car,test_02610,6,horse,0.8,task1/generated_images/cue_conflicts/cc_063_shape-car_texture-horse.png,2,car,shape,0.9661922,0.9661922,0.006992608
resnet50_linear,cc_064,1,car_to_horse,test_03454,2,car,test_04341,6,horse,0.8,task1/generated_images/cue_conflicts/cc_064_shape-car_texture-horse.png,2,car,shape,0.9432939,0.9432939,0.0004651471
resnet50_linear,cc_065,1,car_to_horse,test_01202,2,car,test_00890,6,horse,0.8,task1/generated_images/cue_conflicts/cc_065_shape-car_texture-horse.png,1,bird,other,0.7181323,0.001062006,0.022620935
resnet50_linear,cc_066,1,car_to_horse,test_05318,2,car,test_02003,6,horse,0.8,task1/generated_images/cue_conflicts/cc_066_shape-car_texture-horse.png,2,car,shape,0.8974284,0.8974284,0.04981569
resnet50_linear,cc_067,1,car_to_horse,test_05333,2,car,test_02958,6,horse,0.8,task1/generated_images/cue_conflicts/cc_067_shape-car_texture-horse.png,2,car,shape,0.9945064,0.9945064,0.00018837924
resnet50_linear,cc_068,1,car_to_horse,test_05756,2,car,test_03292,6,horse,0.8,task1/generated_images/cue_conflicts/cc_068_shape-car_texture-horse.png,2,car,shape,0.996745,0.996745,0.00051554595
resnet50_linear,cc_069,1,car_to_horse,test_05512,2,car,test_05729,6,horse,0.8,task1/generated_images/cue_conflicts/cc_069_shape-car_texture-horse.png,6,horse,texture,0.97113425,1.2333969e-05,0.97113425
resnet50_linear,cc_070,1,car_to_horse,test_05183,2,car,test_04827,6,horse,0.8,task1/generated_images/cue_conflicts/cc_070_shape-car_texture-horse.png,2,car,shape,0.98690087,0.98690087,0.00024598476
resnet50_linear,cc_071,1,car_to_horse,test_06692,2,car,test_01667,6,horse,0.8,task1/generated_images/cue_conflicts/cc_071_shape-car_texture-horse.png,2,car,shape,0.986463,0.986463,0.0009161055
resnet50_linear,cc_072,1,car_to_horse,test_06503,2,car,test_03418,6,horse,0.8,task1/generated_images/cue_conflicts/cc_072_shape-car_texture-horse.png,2,car,shape,0.9637379,0.9637379,0.0021421197
resnet50_linear,cc_073,1,car_to_horse,test_05395,2,car,test_04746,6,horse,0.8,task1/generated_images/cue_conflicts/cc_073_shape-car_texture-horse.png,2,car,shape,0.99644226,0.99644226,0.0018758348
resnet50_linear,cc_074,1,car_to_horse,test_05218,2,car,test_07600,6,horse,0.8,task1/generated_images/cue_conflicts/cc_074_shape-car_texture-horse.png,2,car,shape,0.9978948,0.9978948,7.487369e-05
resnet50_linear,cc_075,1,car_to_horse,test_01403,2,car,test_05858,6,horse,0.8,task1/generated_images/cue_conflicts/cc_075_shape-car_texture-horse.png,4,deer,other,0.71858007,0.23014118,0.009361005
resnet50_linear,cc_076,1,car_to_horse,test_04065,2,car,test_07108,6,horse,0.8,task1/generated_images/cue_conflicts/cc_076_shape-car_texture-horse.png,6,horse,texture,0.33006182,0.116532296,0.33006182
resnet50_linear,cc_077,1,car_to_horse,test_05824,2,car,test_00977,6,horse,0.8,task1/generated_images/cue_conflicts/cc_077_shape-car_texture-horse.png,2,car,shape,0.96543926,0.96543926,0.006745575
resnet50_linear,cc_078,1,car_to_horse,test_01814,2,car,test_04011,6,horse,0.8,task1/generated_images/cue_conflicts/cc_078_shape-car_texture-horse.png,2,car,shape,0.9433858,0.9433858,0.0014771002
resnet50_linear,cc_079,1,car_to_horse,test_02502,2,car,test_00449,6,horse,0.8,task1/generated_images/cue_conflicts/cc_079_shape-car_texture-horse.png,9,truck,other,0.8652683,0.08831524,0.01131307
resnet50_linear,cc_080,1,car_to_horse,test_07084,2,car,test_00920,6,horse,0.8,task1/generated_images/cue_conflicts/cc_080_shape-car_texture-horse.png,2,car,shape,0.95061564,0.95061564,0.0012751303
resnet50_linear,cc_081,1,car_to_horse,test_06332,2,car,test_05082,6,horse,0.8,task1/generated_images/cue_conflicts/cc_081_shape-car_texture-horse.png,2,car,shape,0.90268594,0.90268594,0.0018679511
resnet50_linear,cc_082,1,car_to_horse,test_06271,2,car,test_07338,6,horse,0.8,task1/generated_images/cue_conflicts/cc_082_shape-car_texture-horse.png,2,car,shape,0.979448,0.979448,0.0020841067
resnet50_linear,cc_083,1,car_to_horse,test_02082,2,car,test_03515,6,horse,0.8,task1/generated_images/cue_conflicts/cc_083_shape-car_texture-horse.png,6,horse,texture,0.5717141,0.060345262,0.5717141
resnet50_linear,cc_084,1,car_to_horse,test_04921,2,car,test_03779,6,horse,0.8,task1/generated_images/cue_conflicts/cc_084_shape-car_texture-horse.png,2,car,shape,0.6675808,0.6675808,0.012001439
resnet50_linear,cc_085,1,car_to_horse,test_07425,2,car,test_07779,6,horse,0.8,task1/generated_images/cue_conflicts/cc_085_shape-car_texture-horse.png,2,car,shape,0.96467286,0.96467286,0.014628582
resnet50_linear,cc_086,1,car_to_horse,test_04913,2,car,test_06713,6,horse,0.8,task1/generated_images/cue_conflicts/cc_086_shape-car_texture-horse.png,2,car,shape,0.99810755,0.99810755,0.00034014464
resnet50_linear,cc_087,1,car_to_horse,test_01586,2,car,test_00929,6,horse,0.8,task1/generated_images/cue_conflicts/cc_087_shape-car_texture-horse.png,2,car,shape,0.40986562,0.40986562,0.22076954
resnet50_linear,cc_088,1,car_to_horse,test_03067,2,car,test_04411,6,horse,0.8,task1/generated_images/cue_conflicts/cc_088_shape-car_texture-horse.png,2,car,shape,0.97864497,0.97864497,0.0025926859
resnet50_linear,cc_089,1,car_to_horse,test_06244,2,car,test_07781,6,horse,0.8,task1/generated_images/cue_conflicts/cc_089_shape-car_texture-horse.png,2,car,shape,0.27988982,0.27988982,0.0145681035
resnet50_linear,cc_090,1,horse_to_car,test_04620,6,horse,test_06503,2,car,0.8,task1/generated_images/cue_conflicts/cc_090_shape-horse_texture-car.png,6,horse,shape,0.44706404,0.44706404,0.026883679
resnet50_linear,cc_091,1,horse_to_car,test_05082,6,horse,test_05183,2,car,0.8,task1/generated_images/cue_conflicts/cc_091_shape-horse_texture-car.png,6,horse,shape,0.9741096,0.9741096,0.0020329466
resnet50_linear,cc_092,1,horse_to_car,test_05382,6,horse,test_03163,2,car,0.8,task1/generated_images/cue_conflicts/cc_092_shape-horse_texture-car.png,6,horse,shape,0.91196233,0.91196233,0.001750798
resnet50_linear,cc_093,1,horse_to_car,test_05857,6,horse,test_06264,2,car,0.8,task1/generated_images/cue_conflicts/cc_093_shape-horse_texture-car.png,6,horse,shape,0.9518217,0.9518217,2.8107254e-07
resnet50_linear,cc_094,1,horse_to_car,test_03515,6,horse,test_00714,2,car,0.8,task1/generated_images/cue_conflicts/cc_094_shape-horse_texture-car.png,6,horse,shape,0.9963398,0.9963398,3.3799068e-05
resnet50_linear,cc_095,1,horse_to_car,test_02610,6,horse,test_03024,2,car,0.8,task1/generated_images/cue_conflicts/cc_095_shape-horse_texture-car.png,6,horse,shape,0.7438115,0.7438115,2.9840971e-06
resnet50_linear,cc_096,1,horse_to_car,test_07996,6,horse,test_05677,2,car,0.8,task1/generated_images/cue_conflicts/cc_096_shape-horse_texture-car.png,6,horse,shape,0.978403,0.978403,0.0017726043
resnet50_linear,cc_097,1,horse_to_car,test_00964,6,horse,test_03454,2,car,0.8,task1/generated_images/cue_conflicts/cc_097_shape-horse_texture-car.png,6,horse,shape,0.5988779,0.5988779,1.9215926e-05
resnet50_linear,cc_098,1,horse_to_car,test_04341,6,horse,test_03067,2,car,0.8,task1/generated_images/cue_conflicts/cc_098_shape-horse_texture-car.png,8,ship,other,0.92481834,0.004244278,0.0007125335
resnet50_linear,cc_099,1,horse_to_car,test_00449,6,horse,test_06244,2,car,0.8,task1/generated_images/cue_conflicts/cc_099_shape-horse_texture-car.png,6,horse,shape,0.8521813,0.8521813,1.01585265e-05
resnet50_linear,cc_100,1,horse_to_car,test_03494,6,horse,test_01520,2,car,0.8,task1/generated_images/cue_conflicts/cc_100_shape-horse_texture-car.png,6,horse,shape,0.999808,0.999808,1.2404332e-07
resnet50_linear,cc_101,1,horse_to_car,test_03418,6,horse,test_04913,2,car,0.8,task1/generated_images/cue_conflicts/cc_101_shape-horse_texture-car.png,6,horse,shape,0.98526645,0.98526645,0.0005283449
resnet50_linear,cc_102,1,horse_to_car,test_04827,6,horse,test_04735,2,car,0.8,task1/generated_images/cue_conflicts/cc_102_shape-horse_texture-car.png,6,horse,shape,0.8963848,0.8963848,0.032516688
resnet50_linear,cc_103,1,horse_to_car,test_03191,6,horse,test_02502,2,car,0.8,task1/generated_images/cue_conflicts/cc_103_shape-horse_texture-car.png,6,horse,shape,0.7735748,0.7735748,0.00011186691
resnet50_linear,cc_104,1,horse_to_car,test_07555,6,horse,test_06271,2,car,0.8,task1/generated_images/cue_conflicts/cc_104_shape-horse_texture-car.png,1,bird,other,0.8225174,0.15365702,0.000115938674
resnet50_linear,cc_105,1,horse_to_car,test_00920,6,horse,test_07425,2,car,0.8,task1/generated_images/cue_conflicts/cc_105_shape-horse_texture-car.png,6,horse,shape,0.96267927,0.96267927,3.999175e-05
resnet50_linear,cc_106,1,horse_to_car,test_07108,6,horse,test_04921,2,car,0.8,task1/generated_images/cue_conflicts/cc_106_shape-horse_texture-car.png,6,horse,shape,0.9734364,0.9734364,0.00017789144
resnet50_linear,cc_107,1,horse_to_car,test_03962,6,horse,test_05237,2,car,0.8,task1/generated_images/cue_conflicts/cc_107_shape-horse_texture-car.png,1,bird,other,0.91118187,0.0061723064,8.9500434e-05
resnet50_linear,cc_108,1,horse_to_car,test_01534,6,horse,test_00049,2,car,0.8,task1/generated_images/cue_conflicts/cc_108_shape-horse_texture-car.png,8,ship,other,0.5010956,0.0056280834,0.009434268
resnet50_linear,cc_109,1,horse_to_car,test_02003,6,horse,test_00981,2,car,0.8,task1/generated_images/cue_conflicts/cc_109_shape-horse_texture-car.png,6,horse,shape,0.9365277,0.9365277,0.016398018
resnet50_linear,cc_110,1,horse_to_car,test_02676,6,horse,test_05030,2,car,0.8,task1/generated_images/cue_conflicts/cc_110_shape-horse_texture-car.png,6,horse,shape,0.6844133,0.6844133,0.2652964
resnet50_linear,cc_111,1,horse_to_car,test_05408,6,horse,test_00470,2,car,0.8,task1/generated_images/cue_conflicts/cc_111_shape-horse_texture-car.png,8,ship,other,0.39234883,0.35458797,0.015865786
resnet50_linear,cc_112,1,horse_to_car,test_05858,6,horse,test_06426,2,car,0.8,task1/generated_images/cue_conflicts/cc_112_shape-horse_texture-car.png,6,horse,shape,0.99592835,0.99592835,2.9037708e-06
resnet50_linear,cc_113,1,horse_to_car,test_03292,6,horse,test_03755,2,car,0.8,task1/generated_images/cue_conflicts/cc_113_shape-horse_texture-car.png,6,horse,shape,0.99134934,0.99134934,0.0025006572
resnet50_linear,cc_114,1,horse_to_car,test_00545,6,horse,test_06354,2,car,0.8,task1/generated_images/cue_conflicts/cc_114_shape-horse_texture-car.png,2,car,texture,0.67466,0.21855286,0.67466
resnet50_linear,cc_115,1,horse_to_car,test_07338,6,horse,test_00035,2,car,0.8,task1/generated_images/cue_conflicts/cc_115_shape-horse_texture-car.png,8,ship,other,0.52487737,0.13426702,0.00086117024
resnet50_linear,cc_116,1,horse_to_car,test_03844,6,horse,test_06616,2,car,0.8,task1/generated_images/cue_conflicts/cc_116_shape-horse_texture-car.png,6,horse,shape,0.78394973,0.78394973,9.042668e-06
resnet50_linear,cc_117,1,horse_to_car,test_00890,6,horse,test_02082,2,car,0.8,task1/generated_images/cue_conflicts/cc_117_shape-horse_texture-car.png,6,horse,shape,0.97228223,0.97228223,4.4921504e-05
resnet50_linear,cc_118,1,horse_to_car,test_03777,6,horse,test_05512,2,car,0.8,task1/generated_images/cue_conflicts/cc_118_shape-horse_texture-car.png,6,horse,shape,0.9382035,0.9382035,9.8296616e-05
resnet50_linear,cc_119,1,horse_to_car,test_06381,6,horse,test_02392,2,car,0.8,task1/generated_images/cue_conflicts/cc_119_shape-horse_texture-car.png,6,horse,shape,0.4529117,0.4529117,0.03883249
resnet50_linear,cc_120,2,deer_to_ship,test_03287,4,deer,test_00739,8,ship,0.8,task1/generated_images/cue_conflicts/cc_120_shape-deer_texture-ship.png,8,ship,texture,0.63881725,0.01772974,0.63881725
resnet50_linear,cc_122,2,deer_to_ship,test_07940,4,deer,test_00194,8,ship,0.8,task1/generated_images/cue_conflicts/cc_122_shape-deer_texture-ship.png,8,ship,texture,0.84328586,0.13483061,0.84328586
resnet50_linear,cc_123,2,deer_to_ship,test_06033,4,deer,test_04552,8,ship,0.8,task1/generated_images/cue_conflicts/cc_123_shape-deer_texture-ship.png,8,ship,texture,0.36221498,0.24522382,0.36221498
resnet50_linear,cc_124,2,deer_to_ship,test_02898,4,deer,test_05451,8,ship,0.8,task1/generated_images/cue_conflicts/cc_124_shape-deer_texture-ship.png,4,deer,shape,0.64118534,0.64118534,0.15663469
resnet50_linear,cc_125,2,deer_to_ship,test_03512,4,deer,test_02844,8,ship,0.8,task1/generated_images/cue_conflicts/cc_125_shape-deer_texture-ship.png,4,deer,shape,0.44232464,0.44232464,0.32833758
resnet50_linear,cc_126,2,deer_to_ship,test_05789,4,deer,test_07818,8,ship,0.8,task1/generated_images/cue_conflicts/cc_126_shape-deer_texture-ship.png,8,ship,texture,0.82528496,0.0020942148,0.82528496
resnet50_linear,cc_127,2,deer_to_ship,test_01266,4,deer,test_04069,8,ship,0.8,task1/generated_images/cue_conflicts/cc_127_shape-deer_texture-ship.png,4,deer,shape,0.9889671,0.9889671,9.367362e-05
resnet50_linear,cc_128,2,deer_to_ship,test_00691,4,deer,test_00716,8,ship,0.8,task1/generated_images/cue_conflicts/cc_128_shape-deer_texture-ship.png,8,ship,texture,0.6246201,0.11529428,0.6246201
resnet50_linear,cc_130,2,deer_to_ship,test_03078,4,deer,test_01129,8,ship,0.8,task1/generated_images/cue_conflicts/cc_130_shape-deer_texture-ship.png,1,bird,other,0.3989009,0.09788944,0.21922421
resnet50_linear,cc_131,2,deer_to_ship,test_07475,4,deer,test_07138,8,ship,0.8,task1/generated_images/cue_conflicts/cc_131_shape-deer_texture-ship.png,8,ship,texture,0.6084274,0.18231536,0.6084274
resnet50_linear,cc_132,2,deer_to_ship,test_04054,4,deer,test_01833,8,ship,0.8,task1/generated_images/cue_conflicts/cc_132_shape-deer_texture-ship.png,8,ship,texture,0.8641038,0.010112151,0.8641038
resnet50_linear,cc_133,2,deer_to_ship,test_03179,4,deer,test_04177,8,ship,0.8,task1/generated_images/cue_conflicts/cc_133_shape-deer_texture-ship.png,8,ship,texture,0.68081814,0.08364305,0.68081814
resnet50_linear,cc_134,2,deer_to_ship,test_05062,4,deer,test_07460,8,ship,0.8,task1/generated_images/cue_conflicts/cc_134_shape-deer_texture-ship.png,8,ship,texture,0.9114778,0.028053157,0.9114778
resnet50_linear,cc_135,2,deer_to_ship,test_03763,4,deer,test_02745,8,ship,0.8,task1/generated_images/cue_conflicts/cc_135_shape-deer_texture-ship.png,8,ship,texture,0.9253776,0.0018616249,0.9253776
resnet50_linear,cc_136,2,deer_to_ship,test_02757,4,deer,test_05525,8,ship,0.8,task1/generated_images/cue_conflicts/cc_136_shape-deer_texture-ship.png,1,bird,other,0.9057316,0.0521945,0.000268629
resnet50_linear,cc_137,2,deer_to_ship,test_05402,4,deer,test_04676,8,ship,0.8,task1/generated_images/cue_conflicts/cc_137_shape-deer_texture-ship.png,8,ship,texture,0.48685986,0.14619,0.48685986
resnet50_linear,cc_138,2,deer_to_ship,test_00855,4,deer,test_04242,8,ship,0.8,task1/generated_images/cue_conflicts/cc_138_shape-deer_texture-ship.png,8,ship,texture,0.59534323,0.0040639844,0.59534323
resnet50_linear,cc_139,2,deer_to_ship,test_02704,4,deer,test_05000,8,ship,0.8,task1/generated_images/cue_conflicts/cc_139_shape-deer_texture-ship.png,6,horse,other,0.420948,0.25054702,0.08632285
resnet50_linear,cc_140,2,deer_to_ship,test_05556,4,deer,test_07446,8,ship,0.8,task1/generated_images/cue_conflicts/cc_140_shape-deer_texture-ship.png,8,ship,texture,0.4325401,0.4318874,0.4325401
resnet50_linear,cc_141,2,deer_to_ship,test_03122,4,deer,test_04355,8,ship,0.8,task1/generated_images/cue_conflicts/cc_141_shape-deer_texture-ship.png,8,ship,texture,0.32508925,0.2098866,0.32508925
resnet50_linear,cc_142,2,deer_to_ship,test_05623,4,deer,test_01783,8,ship,0.8,task1/generated_images/cue_conflicts/cc_142_shape-deer_texture-ship.png,4,deer,shape,0.6920952,0.6920952,0.0074957046
resnet50_linear,cc_143,2,deer_to_ship,test_00506,4,deer,test_01247,8,ship,0.8,task1/generated_images/cue_conflicts/cc_143_shape-deer_texture-ship.png,8,ship,texture,0.7783963,0.0462251,0.7783963
resnet50_linear,cc_144,2,deer_to_ship,test_01960,4,deer,test_02342,8,ship,0.8,task1/generated_images/cue_conflicts/cc_144_shape-deer_texture-ship.png,4,deer,shape,0.91541636,0.91541636,0.00025051244
resnet50_linear,cc_145,2,deer_to_ship,test_05467,4,deer,test_06689,8,ship,0.8,task1/generated_images/cue_conflicts/cc_145_shape-deer_texture-ship.png,8,ship,texture,0.42094952,0.0019062888,0.42094952
resnet50_linear,cc_146,2,deer_to_ship,test_00766,4,deer,test_03157,8,ship,0.8,task1/generated_images/cue_conflicts/cc_146_shape-deer_texture-ship.png,8,ship,texture,0.9953917,0.0007644057,0.9953917
resnet50_linear,cc_147,2,deer_to_ship,test_04642,4,deer,test_03948,8,ship,0.8,task1/generated_images/cue_conflicts/cc_147_shape-deer_texture-ship.png,1,bird,other,0.49711967,0.24259768,0.16814029
resnet50_linear,cc_148,2,deer_to_ship,test_07610,4,deer,test_02340,8,ship,0.8,task1/generated_images/cue_conflicts/cc_148_shape-deer_texture-ship.png,8,ship,texture,0.70169646,0.010055661,0.70169646
resnet50_linear,cc_149,2,deer_to_ship,test_04740,4,deer,test_01954,8,ship,0.8,task1/generated_images/cue_conflicts/cc_149_shape-deer_texture-ship.png,6,horse,other,0.54193866,0.41648573,0.0009867459
resnet50_linear,cc_150,2,ship_to_deer,test_01954,8,ship,test_04740,4,deer,0.8,task1/generated_images/cue_conflicts/cc_150_shape-ship_texture-deer.png,8,ship,shape,0.7427069,0.7427069,0.13917503
resnet50_linear,cc_151,2,ship_to_deer,test_02109,8,ship,test_00855,4,deer,0.8,task1/generated_images/cue_conflicts/cc_151_shape-ship_texture-deer.png,8,ship,shape,0.93332964,0.93332964,0.022685295
resnet50_linear,cc_152,2,ship_to_deer,test_00194,8,ship,test_06033,4,deer,0.8,task1/generated_images/cue_conflicts/cc_152_shape-ship_texture-deer.png,8,ship,shape,0.89140666,0.89140666,0.007811646
resnet50_linear,cc_153,2,ship_to_deer,test_07818,8,ship,test_00506,4,deer,0.8,task1/generated_images/cue_conflicts/cc_153_shape-ship_texture-deer.png,8,ship,shape,0.99359894,0.99359894,0.0031133613
resnet50_linear,cc_154,2,ship_to_deer,test_04242,8,ship,test_05467,4,deer,0.8,task1/generated_images/cue_conflicts/cc_154_shape-ship_texture-deer.png,8,ship,shape,0.98493224,0.98493224,0.0019525748
resnet50_linear,cc_155,2,ship_to_deer,test_00706,8,ship,test_05402,4,deer,0.8,task1/generated_images/cue_conflicts/cc_155_shape-ship_texture-deer.png,8,ship,shape,0.9973896,0.9973896,0.00028640497
resnet50_linear,cc_156,2,ship_to_deer,test_07810,8,ship,test_07864,4,deer,0.8,task1/generated_images/cue_conflicts/cc_156_shape-ship_texture-deer.png,8,ship,shape,0.98302656,0.98302656,0.007656512
resnet50_linear,cc_157,2,ship_to_deer,test_05000,8,ship,test_05789,4,deer,0.8,task1/generated_images/cue_conflicts/cc_157_shape-ship_texture-deer.png,1,bird,other,0.6059999,0.10406376,0.08523231
resnet50_linear,cc_158,2,ship_to_deer,test_01783,8,ship,test_04054,4,deer,0.8,task1/generated_images/cue_conflicts/cc_158_shape-ship_texture-deer.png,8,ship,shape,0.9749086,0.9749086,0.017666701
resnet50_linear,cc_159,2,ship_to_deer,test_06689,8,ship,test_00766,4,deer,0.8,task1/generated_images/cue_conflicts/cc_159_shape-ship_texture-deer.png,8,ship,shape,0.8889449,0.8889449,0.004066604
resnet50_linear,cc_160,2,ship_to_deer,test_02340,8,ship,test_01111,4,deer,0.8,task1/generated_images/cue_conflicts/cc_160_shape-ship_texture-deer.png,8,ship,shape,0.99826825,0.99826825,0.00072650734
resnet50_linear,cc_161,2,ship_to_deer,test_00716,8,ship,test_02757,4,deer,0.8,task1/generated_images/cue_conflicts/cc_161_shape-ship_texture-deer.png,8,ship,shape,0.47545722,0.47545722,0.27770174
resnet50_linear,cc_162,2,ship_to_deer,test_03157,8,ship,test_01429,4,deer,0.8,task1/generated_images/cue_conflicts/cc_162_shape-ship_texture-deer.png,8,ship,shape,0.9019343,0.9019343,0.06640406
resnet50_linear,cc_163,2,ship_to_deer,test_03412,8,ship,test_00691,4,deer,0.8,task1/generated_images/cue_conflicts/cc_163_shape-ship_texture-deer.png,8,ship,shape,0.542463,0.542463,0.28665507
resnet50_linear,cc_164,2,ship_to_deer,test_07999,8,ship,test_03287,4,deer,0.8,task1/generated_images/cue_conflicts/cc_164_shape-ship_texture-deer.png,4,deer,texture,0.5690339,0.00047772564,0.5690339
resnet50_linear,cc_165,2,ship_to_deer,test_01640,8,ship,test_06528,4,deer,0.8,task1/generated_images/cue_conflicts/cc_165_shape-ship_texture-deer.png,1,bird,other,0.48433,0.19321251,0.10416186
resnet50_linear,cc_167,2,ship_to_deer,test_07446,8,ship,test_04642,4,deer,0.8,task1/generated_images/cue_conflicts/cc_167_shape-ship_texture-deer.png,8,ship,shape,0.7638825,0.7638825,0.034462307
resnet50_linear,cc_168,2,ship_to_deer,test_03015,8,ship,test_05623,4,deer,0.8,task1/generated_images/cue_conflicts/cc_168_shape-ship_texture-deer.png,8,ship,shape,0.9670146,0.9670146,0.004810741
resnet50_linear,cc_169,2,ship_to_deer,test_02191,8,ship,test_03034,4,deer,0.8,task1/generated_images/cue_conflicts/cc_169_shape-ship_texture-deer.png,8,ship,shape,0.6531948,0.6531948,0.17286682
resnet50_linear,cc_170,2,ship_to_deer,test_01833,8,ship,test_03994,4,deer,0.8,task1/generated_images/cue_conflicts/cc_170_shape-ship_texture-deer.png,8,ship,shape,0.99470276,0.99470276,0.00032320147
resnet50_linear,cc_171,2,ship_to_deer,test_01247,8,ship,test_03365,4,deer,0.8,task1/generated_images/cue_conflicts/cc_171_shape-ship_texture-deer.png,8,ship,shape,0.8739172,0.8739172,0.0026608054
resnet50_linear,cc_172,2,ship_to_deer,test_06434,8,ship,test_07692,4,deer,0.8,task1/generated_images/cue_conflicts/cc_172_shape-ship_texture-deer.png,8,ship,shape,0.6184608,0.6184608,0.05156953
resnet50_linear,cc_173,2,ship_to_deer,test_04355,8,ship,test_03512,4,deer,0.8,task1/generated_images/cue_conflicts/cc_173_shape-ship_texture-deer.png,8,ship,shape,0.46730548,0.46730548,0.26882136
resnet50_linear,cc_174,2,ship_to_deer,test_04311,8,ship,test_05213,4,deer,0.8,task1/generated_images/cue_conflicts/cc_174_shape-ship_texture-deer.png,8,ship,shape,0.9929725,0.9929725,0.0010900012
resnet50_linear,cc_175,2,ship_to_deer,test_00739,8,ship,test_03458,4,deer,0.8,task1/generated_images/cue_conflicts/cc_175_shape-ship_texture-deer.png,1,bird,other,0.86615425,0.057961296,0.055679683
resnet50_linear,cc_176,2,ship_to_deer,test_00962,8,ship,test_05062,4,deer,0.8,task1/generated_images/cue_conflicts/cc_176_shape-ship_texture-deer.png,8,ship,shape,0.9857619,0.9857619,0.0009395374
resnet50_linear,cc_177,2,ship_to_deer,test_07875,8,ship,test_04629,4,deer,0.8,task1/generated_images/cue_conflicts/cc_177_shape-ship_texture-deer.png,8,ship,shape,0.89815474,0.89815474,0.04252004
resnet50_linear,cc_178,2,ship_to_deer,test_04069,8,ship,test_05077,4,deer,0.8,task1/generated_images/cue_conflicts/cc_178_shape-ship_texture-deer.png,4,deer,texture,0.8696597,0.0005440811,0.8696597
resnet50_linear,cc_179,2,ship_to_deer,test_02342,8,ship,test_03078,4,deer,0.8,task1/generated_images/cue_conflicts/cc_179_shape-ship_texture-deer.png,8,ship,shape,0.5477597,0.5477597,0.13837487
resnet50_linear,cc_180,3,cat_to_truck,test_00738,3,cat,test_05788,9,truck,0.8,task1/generated_images/cue_conflicts/cc_180_shape-cat_texture-truck.png,9,truck,texture,0.9358254,0.0012185818,0.9358254
resnet50_linear,cc_181,3,cat_to_truck,test_04168,3,cat,test_06931,9,truck,0.8,task1/generated_images/cue_conflicts/cc_181_shape-cat_texture-truck.png,8,ship,other,0.664303,0.02948012,0.026627688
resnet50_linear,cc_182,3,cat_to_truck,test_07744,3,cat,test_05590,9,truck,0.8,task1/generated_images/cue_conflicts/cc_182_shape-cat_texture-truck.png,1,bird,other,0.60514617,0.008829635,0.012162007
resnet50_linear,cc_183,3,cat_to_truck,test_00176,3,cat,test_01411,9,truck,0.8,task1/generated_images/cue_conflicts/cc_183_shape-cat_texture-truck.png,8,ship,other,0.98090553,2.5385782e-05,0.0001392472
resnet50_linear,cc_184,3,cat_to_truck,test_03276,3,cat,test_01836,9,truck,0.8,task1/generated_images/cue_conflicts/cc_184_shape-cat_texture-truck.png,0,airplane,other,0.3727461,0.018419208,0.028745424
resnet50_linear,cc_185,3,cat_to_truck,test_00672,3,cat,test_02114,9,truck,0.8,task1/generated_images/cue_conflicts/cc_185_shape-cat_texture-truck.png,3,cat,shape,0.85854524,0.85854524,0.018746441
resnet50_linear,cc_187,3,cat_to_truck,test_01204,3,cat,test_02167,9,truck,0.8,task1/generated_images/cue_conflicts/cc_187_shape-cat_texture-truck.png,3,cat,shape,0.37041023,0.37041023,0.0038460628
resnet50_linear,cc_188,3,cat_to_truck,test_02754,3,cat,test_01022,9,truck,0.8,task1/generated_images/cue_conflicts/cc_188_shape-cat_texture-truck.png,6,horse,other,0.9994018,2.4128043e-05,1.2234542e-05
resnet50_linear,cc_189,3,cat_to_truck,test_04215,3,cat,test_07752,9,truck,0.8,task1/generated_images/cue_conflicts/cc_189_shape-cat_texture-truck.png,9,truck,texture,0.9911345,0.0005039856,0.9911345
resnet50_linear,cc_190,3,cat_to_truck,test_00365,3,cat,test_05508,9,truck,0.8,task1/generated_images/cue_conflicts/cc_190_shape-cat_texture-truck.png,5,dog,other,0.3557421,0.22100772,0.16665936
resnet50_linear,cc_191,3,cat_to_truck,test_03851,3,cat,test_05981,9,truck,0.8,task1/generated_images/cue_conflicts/cc_191_shape-cat_texture-truck.png,3,cat,shape,0.6134646,0.6134646,0.0058966693
resnet50_linear,cc_192,3,cat_to_truck,test_02536,3,cat,test_03996,9,truck,0.8,task1/generated_images/cue_conflicts/cc_192_shape-cat_texture-truck.png,8,ship,other,0.9129355,0.00021983004,3.2677995e-05
resnet50_linear,cc_193,3,cat_to_truck,test_04590,3,cat,test_02414,9,truck,0.8,task1/generated_images/cue_conflicts/cc_193_shape-cat_texture-truck.png,8,ship,other,0.9944142,0.0001355215,0.004001438
resnet50_linear,cc_194,3,cat_to_truck,test_03914,3,cat,test_07266,9,truck,0.8,task1/generated_images/cue_conflicts/cc_194_shape-cat_texture-truck.png,3,cat,shape,0.99925965,0.99925965,2.9182069e-05
resnet50_linear,cc_195,3,cat_to_truck,test_00979,3,cat,test_05851,9,truck,0.8,task1/generated_images/cue_conflicts/cc_195_shape-cat_texture-truck.png,3,cat,shape,0.4274889,0.4274889,0.11409089
resnet50_linear,cc_196,3,cat_to_truck,test_07793,3,cat,test_01515,9,truck,0.8,task1/generated_images/cue_conflicts/cc_196_shape-cat_texture-truck.png,9,truck,texture,0.596853,0.016345285,0.596853
resnet50_linear,cc_197,3,cat_to_truck,test_04908,3,cat,test_07380,9,truck,0.8,task1/generated_images/cue_conflicts/cc_197_shape-cat_texture-truck.png,1,bird,other,0.3878984,0.105072856,0.0818745
resnet50_linear,cc_198,3,cat_to_truck,test_02539,3,cat,test_05447,9,truck,0.8,task1/generated_images/cue_conflicts/cc_198_shape-cat_texture-truck.png,3,cat,shape,0.6990913,0.6990913,0.002041044
resnet50_linear,cc_199,3,cat_to_truck,test_04229,3,cat,test_03318,9,truck,0.8,task1/generated_images/cue_conflicts/cc_199_shape-cat_texture-truck.png,3,cat,shape,0.69338876,0.69338876,0.050678898
resnet50_linear,cc_200,3,cat_to_truck,test_04463,3,cat,test_00603,9,truck,0.8,task1/generated_images/cue_conflicts/cc_200_shape-cat_texture-truck.png,3,cat,shape,0.9984456,0.9984456,6.7290835e-05
resnet50_linear,cc_201,3,cat_to_truck,test_05528,3,cat,test_05915,9,truck,0.8,task1/generated_images/cue_conflicts/cc_201_shape-cat_texture-truck.png,6,horse,other,0.8374368,0.020856645,0.012624199
resnet50_linear,cc_202,3,cat_to_truck,test_06952,3,cat,test_00131,9,truck,0.8,task1/generated_images/cue_conflicts/cc_202_shape-cat_texture-truck.png,3,cat,shape,0.77091,0.77091,0.00022488557
resnet50_linear,cc_203,3,cat_to_truck,test_03383,3,cat,test_00276,9,truck,0.8,task1/generated_images/cue_conflicts/cc_203_shape-cat_texture-truck.png,3,cat,shape,0.9988048,0.9988048,2.3815871e-06
resnet50_linear,cc_205,3,cat_to_truck,test_01531,3,cat,test_03893,9,truck,0.8,task1/generated_images/cue_conflicts/cc_205_shape-cat_texture-truck.png,8,ship,other,0.65511906,8.6088476e-05,0.27465
resnet50_linear,cc_206,3,cat_to_truck,test_01370,3,cat,test_07938,9,truck,0.8,task1/generated_images/cue_conflicts/cc_206_shape-cat_texture-truck.png,9,truck,texture,0.97173136,0.0017283709,0.97173136
resnet50_linear,cc_207,3,cat_to_truck,test_03375,3,cat,test_03942,9,truck,0.8,task1/generated_images/cue_conflicts/cc_207_shape-cat_texture-truck.png,3,cat,shape,0.8988612,0.8988612,0.00012207862
resnet50_linear,cc_208,3,cat_to_truck,test_04323,3,cat,test_02351,9,truck,0.8,task1/generated_images/cue_conflicts/cc_208_shape-cat_texture-truck.png,5,dog,other,0.29904842,0.27914467,0.08514333
resnet50_linear,cc_209,3,cat_to_truck,test_02028,3,cat,test_04449,9,truck,0.8,task1/generated_images/cue_conflicts/cc_209_shape-cat_texture-truck.png,5,dog,other,0.33829826,0.14304969,0.052168176
resnet50_linear,cc_210,3,truck_to_cat,test_07995,9,truck,test_06952,3,cat,0.8,task1/generated_images/cue_conflicts/cc_210_shape-truck_texture-cat.png,2,car,other,0.8057208,0.14618458,0.009816895
resnet50_linear,cc_211,3,truck_to_cat,test_00131,9,truck,test_00979,3,cat,0.8,task1/generated_images/cue_conflicts/cc_211_shape-truck_texture-cat.png,1,bird,other,0.9960018,1.5663112e-05,0.00017584424
resnet50_linear,cc_212,3,truck_to_cat,test_05572,9,truck,test_04168,3,cat,0.8,task1/generated_images/cue_conflicts/cc_212_shape-truck_texture-cat.png,8,ship,other,0.8662691,0.11788333,0.0033530758
resnet50_linear,cc_213,3,truck_to_cat,test_02167,9,truck,test_00176,3,cat,0.8,task1/generated_images/cue_conflicts/cc_213_shape-truck_texture-cat.png,8,ship,other,0.8080298,0.14451773,0.0036757865
resnet50_linear,cc_214,3,truck_to_cat,test_00239,9,truck,test_02536,3,cat,0.8,task1/generated_images/cue_conflicts/cc_214_shape-truck_texture-cat.png,9,truck,shape,0.45346475,0.45346475,0.12897071
resnet50_linear,cc_215,3,truck_to_cat,test_05452,9,truck,test_01263,3,cat,0.8,task1/generated_images/cue_conflicts/cc_215_shape-truck_texture-cat.png,1,bird,other,0.5666821,0.00019926047,0.25054458
resnet50_linear,cc_216,3,truck_to_cat,test_02114,9,truck,test_02861,3,cat,0.8,task1/generated_images/cue_conflicts/cc_216_shape-truck_texture-cat.png,9,truck,shape,0.6290556,0.6290556,0.00067487004
resnet50_linear,cc_217,3,truck_to_cat,test_01430,9,truck,test_04531,3,cat,0.8,task1/generated_images/cue_conflicts/cc_217_shape-truck_texture-cat.png,9,truck,shape,0.9690887,0.9690887,0.0017182536
resnet50_linear,cc_218,3,truck_to_cat,test_03318,9,truck,test_04330,3,cat,0.8,task1/generated_images/cue_conflicts/cc_218_shape-truck_texture-cat.png,9,truck,shape,0.76500297,0.76500297,0.030405624
resnet50_linear,cc_220,3,truck_to_cat,test_01515,9,truck,test_01370,3,cat,0.8,task1/generated_images/cue_conflicts/cc_220_shape-truck_texture-cat.png,9,truck,shape,0.86395764,0.86395764,0.008856038
resnet50_linear,cc_221,3,truck_to_cat,test_02062,9,truck,test_03375,3,cat,0.8,task1/generated_images/cue_conflicts/cc_221_shape-truck_texture-cat.png,9,truck,shape,0.78082466,0.78082466,0.01629879
resnet50_linear,cc_222,3,truck_to_cat,test_05788,9,truck,test_03562,3,cat,0.8,task1/generated_images/cue_conflicts/cc_222_shape-truck_texture-cat.png,9,truck,shape,0.6168499,0.6168499,0.007861397
resnet50_linear,cc_223,3,truck_to_cat,test_05360,9,truck,test_06490,3,cat,0.8,task1/generated_images/cue_conflicts/cc_223_shape-truck_texture-cat.png,9,truck,shape,0.95843333,0.95843333,0.000115160045
resnet50_linear,cc_224,3,truck_to_cat,test_05447,9,truck,test_00738,3,cat,0.8,task1/generated_images/cue_conflicts/cc_224_shape-truck_texture-cat.png,9,truck,shape,0.9706777,0.9706777,0.0003296829
resnet50_linear,cc_225,3,truck_to_cat,test_04094,9,truck,test_00632,3,cat,0.8,task1/generated_images/cue_conflicts/cc_225_shape-truck_texture-cat.png,9,truck,shape,0.32764056,0.32764056,0.119815126
resnet50_linear,cc_226,3,truck_to_cat,test_00303,9,truck,test_05528,3,cat,0.8,task1/generated_images/cue_conflicts/cc_226_shape-truck_texture-cat.png,9,truck,shape,0.9940381,0.9940381,9.231865e-05
resnet50_linear,cc_227,3,truck_to_cat,test_07380,9,truck,test_04323,3,cat,0.8,task1/generated_images/cue_conflicts/cc_227_shape-truck_texture-cat.png,2,car,other,0.97199845,0.001557535,0.00037120568
resnet50_linear,cc_228,3,truck_to_cat,test_03996,9,truck,test_01563,3,cat,0.8,task1/generated_images/cue_conflicts/cc_228_shape-truck_texture-cat.png,8,ship,other,0.7814578,0.18946661,0.0017347105
resnet50_linear,cc_229,3,truck_to_cat,test_01654,9,truck,test_01431,3,cat,0.8,task1/generated_images/cue_conflicts/cc_229_shape-truck_texture-cat.png,9,truck,shape,0.99319965,0.99319965,0.0005320685
resnet50_linear,cc_230,3,truck_to_cat,test_03893,9,truck,test_04229,3,cat,0.8,task1/generated_images/cue_conflicts/cc_230_shape-truck_texture-cat.png,9,truck,shape,0.9114778,0.9114778,0.0038871805
resnet50_linear,cc_232,3,truck_to_cat,test_00805,9,truck,test_00372,3,cat,0.8,task1/generated_images/cue_conflicts/cc_232_shape-truck_texture-cat.png,9,truck,shape,0.7645623,0.7645623,0.002983127
resnet50_linear,cc_233,3,truck_to_cat,test_07938,9,truck,test_00791,3,cat,0.8,task1/generated_images/cue_conflicts/cc_233_shape-truck_texture-cat.png,3,cat,texture,0.84516746,0.06380608,0.84516746
resnet50_linear,cc_234,3,truck_to_cat,test_00603,9,truck,test_07793,3,cat,0.8,task1/generated_images/cue_conflicts/cc_234_shape-truck_texture-cat.png,1,bird,other,0.4528072,0.00210714,0.33312798
resnet50_linear,cc_235,3,truck_to_cat,test_01022,9,truck,test_04215,3,cat,0.8,task1/generated_images/cue_conflicts/cc_235_shape-truck_texture-cat.png,3,cat,texture,0.25960276,0.2051046,0.25960276
resnet50_linear,cc_236,3,truck_to_cat,test_00191,9,truck,test_03914,3,cat,0.8,task1/generated_images/cue_conflicts/cc_236_shape-truck_texture-cat.png,8,ship,other,0.57727545,0.17275491,0.015282314
resnet50_linear,cc_237,3,truck_to_cat,test_01468,9,truck,test_03851,3,cat,0.8,task1/generated_images/cue_conflicts/cc_237_shape-truck_texture-cat.png,9,truck,shape,0.8101605,0.8101605,0.0018414792
resnet50_linear,cc_239,3,truck_to_cat,test_05981,9,truck,test_04609,3,cat,0.8,task1/generated_images/cue_conflicts/cc_239_shape-truck_texture-cat.png,8,ship,other,0.5433289,0.030752672,0.31793416
resnet50_linear,cc_240,4,dog_to_monkey,test_00685,5,dog,test_01711,7,monkey,0.8,task1/generated_images/cue_conflicts/cc_240_shape-dog_texture-monkey.png,5,dog,shape,0.999564,0.999564,2.0231664e-06
resnet50_linear,cc_241,4,dog_to_monkey,test_01644,5,dog,test_00370,7,monkey,0.8,task1/generated_images/cue_conflicts/cc_241_shape-dog_texture-monkey.png,5,dog,shape,0.9848846,0.9848846,0.0015539158
resnet50_linear,cc_242,4,dog_to_monkey,test_02334,5,dog,test_00323,7,monkey,0.8,task1/generated_images/cue_conflicts/cc_242_shape-dog_texture-monkey.png,5,dog,shape,0.9938797,0.9938797,0.003868184
resnet50_linear,cc_243,4,dog_to_monkey,test_03889,5,dog,test_04308,7,monkey,0.8,task1/generated_images/cue_conflicts/cc_243_shape-dog_texture-monkey.png,7,monkey,texture,0.92645353,0.02203377,0.92645353
resnet50_linear,cc_244,4,dog_to_monkey,test_07776,5,dog,test_05436,7,monkey,0.8,task1/generated_images/cue_conflicts/cc_244_shape-dog_texture-monkey.png,5,dog,shape,0.8876167,0.8876167,0.035595473
resnet50_linear,cc_245,4,dog_to_monkey,test_05332,5,dog,test_02746,7,monkey,0.8,task1/generated_images/cue_conflicts/cc_245_shape-dog_texture-monkey.png,5,dog,shape,0.5565985,0.5565985,0.00010133312
resnet50_linear,cc_246,4,dog_to_monkey,test_06358,5,dog,test_07270,7,monkey,0.8,task1/generated_images/cue_conflicts/cc_246_shape-dog_texture-monkey.png,5,dog,shape,0.90395284,0.90395284,0.018647877
resnet50_linear,cc_247,4,dog_to_monkey,test_02427,5,dog,test_03288,7,monkey,0.8,task1/generated_images/cue_conflicts/cc_247_shape-dog_texture-monkey.png,5,dog,shape,0.96550417,0.96550417,0.00041927586
resnet50_linear,cc_248,4,dog_to_monkey,test_05381,5,dog,test_01296,7,monkey,0.8,task1/generated_images/cue_conflicts/cc_248_shape-dog_texture-monkey.png,6,horse,other,0.43472904,0.13580678,0.0018608287
resnet50_linear,cc_249,4,dog_to_monkey,test_06224,5,dog,test_05719,7,monkey,0.8,task1/generated_images/cue_conflicts/cc_249_shape-dog_texture-monkey.png,5,dog,shape,0.88627595,0.88627595,0.032944363
resnet50_linear,cc_250,4,dog_to_monkey,test_01552,5,dog,test_04403,7,monkey,0.8,task1/generated_images/cue_conflicts/cc_250_shape-dog_texture-monkey.png,5,dog,shape,0.94377947,0.94377947,0.011680791
resnet50_linear,cc_251,4,dog_to_monkey,test_01626,5,dog,test_04748,7,monkey,0.8,task1/generated_images/cue_conflicts/cc_251_shape-dog_texture-monkey.png,5,dog,shape,0.8588609,0.8588609,0.073589675
resnet50_linear,cc_252,4,dog_to_monkey,test_02268,5,dog,test_04704,7,monkey,0.8,task1/generated_images/cue_conflicts/cc_252_shape-dog_texture-monkey.png,5,dog,shape,0.9467775,0.9467775,0.0014105462
resnet50_linear,cc_253,4,dog_to_monkey,test_06414,5,dog,test_04661,7,monkey,0.8,task1/generated_images/cue_conflicts/cc_253_shape-dog_texture-monkey.png,1,bird,other,0.65150005,0.03888431,0.11092992
resnet50_linear,cc_254,4,dog_to_monkey,test_02807,5,dog,test_03467,7,monkey,0.8,task1/generated_images/cue_conflicts/cc_254_shape-dog_texture-monkey.png,4,deer,other,0.77495265,0.00049627974,0.0032360547
resnet50_linear,cc_255,4,dog_to_monkey,test_06922,5,dog,test_01579,7,monkey,0.8,task1/generated_images/cue_conflicts/cc_255_shape-dog_texture-monkey.png,5,dog,shape,0.99579513,0.99579513,0.00014653552
resnet50_linear,cc_256,4,dog_to_monkey,test_07041,5,dog,test_00029,7,monkey,0.8,task1/generated_images/cue_conflicts/cc_256_shape-dog_texture-monkey.png,5,dog,shape,0.9627119,0.9627119,0.0023365202
resnet50_linear,cc_257,4,dog_to_monkey,test_04106,5,dog,test_03153,7,monkey,0.8,task1/generated_images/cue_conflicts/cc_257_shape-dog_texture-monkey.png,5,dog,shape,0.993328,0.993328,0.0003330465
resnet50_linear,cc_258,4,dog_to_monkey,test_04953,5,dog,test_01956,7,monkey,0.8,task1/generated_images/cue_conflicts/cc_258_shape-dog_texture-monkey.png,5,dog,shape,0.9723717,0.9723717,0.00025248138
resnet50_linear,cc_260,4,dog_to_monkey,test_07413,5,dog,test_06190,7,monkey,0.8,task1/generated_images/cue_conflicts/cc_260_shape-dog_texture-monkey.png,5,dog,shape,0.5796085,0.5796085,0.00075944385
resnet50_linear,cc_261,4,dog_to_monkey,test_03863,5,dog,test_06772,7,monkey,0.8,task1/generated_images/cue_conflicts/cc_261_shape-dog_texture-monkey.png,5,dog,shape,0.9686281,0.9686281,0.00348669
resnet50_linear,cc_262,4,dog_to_monkey,test_05701,5,dog,test_01771,7,monkey,0.8,task1/generated_images/cue_conflicts/cc_262_shape-dog_texture-monkey.png,5,dog,shape,0.88086087,0.88086087,0.085454404
resnet50_linear,cc_263,4,dog_to_monkey,test_06716,5,dog,test_01703,7,monkey,0.8,task1/generated_images/cue_conflicts/cc_263_shape-dog_texture-monkey.png,1,bird,other,0.5317872,0.00051140593,0.023871524
resnet50_linear,cc_264,4,dog_to_monkey,test_06989,5,dog,test_05450,7,monkey,0.8,task1/generated_images/cue_conflicts/cc_264_shape-dog_texture-monkey.png,5,dog,shape,0.9772225,0.9772225,0.0018859463
resnet50_linear,cc_265,4,dog_to_monkey,test_02950,5,dog,test_01927,7,monkey,0.8,task1/generated_images/cue_conflicts/cc_265_shape-dog_texture-monkey.png,7,monkey,texture,0.59041494,0.1373262,0.59041494
resnet50_linear,cc_266,4,dog_to_monkey,test_07130,5,dog,test_01032,7,monkey,0.8,task1/generated_images/cue_conflicts/cc_266_shape-dog_texture-monkey.png,5,dog,shape,0.717283,0.717283,0.0027173266
resnet50_linear,cc_267,4,dog_to_monkey,test_03852,5,dog,test_03542,7,monkey,0.8,task1/generated_images/cue_conflicts/cc_267_shape-dog_texture-monkey.png,5,dog,shape,0.9987834,0.9987834,2.9554965e-05
resnet50_linear,cc_268,4,dog_to_monkey,test_00568,5,dog,test_05977,7,monkey,0.8,task1/generated_images/cue_conflicts/cc_268_shape-dog_texture-monkey.png,5,dog,shape,0.56856984,0.56856984,0.07911405
resnet50_linear,cc_269,4,dog_to_monkey,test_04850,5,dog,test_01884,7,monkey,0.8,task1/generated_images/cue_conflicts/cc_269_shape-dog_texture-monkey.png,3,cat,other,0.4673374,0.006767169,0.0008146704
resnet50_linear,cc_270,4,monkey_to_dog,test_00029,7,monkey,test_07474,5,dog,0.8,task1/generated_images/cue_conflicts/cc_270_shape-monkey_texture-dog.png,7,monkey,shape,0.92209744,0.92209744,0.0021908365
resnet50_linear,cc_271,4,monkey_to_dog,test_04748,7,monkey,test_03852,5,dog,0.8,task1/generated_images/cue_conflicts/cc_271_shape-monkey_texture-dog.png,1,bird,other,0.99993217,3.248636e-05,1.0262555e-06
resnet50_linear,cc_273,4,monkey_to_dog,test_01220,7,monkey,test_01877,5,dog,0.8,task1/generated_images/cue_conflicts/cc_273_shape-monkey_texture-dog.png,4,deer,other,0.6798793,0.054907527,0.0032557282
resnet50_linear,cc_274,4,monkey_to_dog,test_04172,7,monkey,test_06922,5,dog,0.8,task1/generated_images/cue_conflicts/cc_274_shape-monkey_texture-dog.png,3,cat,other,0.39397556,0.144565,0.3040928
resnet50_linear,cc_275,4,monkey_to_dog,test_02501,7,monkey,test_04953,5,dog,0.8,task1/generated_images/cue_conflicts/cc_275_shape-monkey_texture-dog.png,7,monkey,shape,0.9789611,0.9789611,0.00307256
resnet50_linear,cc_276,4,monkey_to_dog,test_04403,7,monkey,test_01626,5,dog,0.8,task1/generated_images/cue_conflicts/cc_276_shape-monkey_texture-dog.png,7,monkey,shape,0.9046257,0.9046257,0.0015089982
resnet50_linear,cc_278,4,monkey_to_dog,test_04308,7,monkey,test_07706,5,dog,0.8,task1/generated_images/cue_conflicts/cc_278_shape-monkey_texture-dog.png,6,horse,other,0.42032766,0.27247626,0.0017223803
resnet50_linear,cc_279,4,monkey_to_dog,test_01884,7,monkey,test_01095,5,dog,0.8,task1/generated_images/cue_conflicts/cc_279_shape-monkey_texture-dog.png,4,deer,other,0.762473,0.030027308,0.0002909286
resnet50_linear,cc_280,4,monkey_to_dog,test_03467,7,monkey,test_02334,5,dog,0.8,task1/generated_images/cue_conflicts/cc_280_shape-monkey_texture-dog.png,6,horse,other,0.88015336,0.004056369,0.0013745059
resnet50_linear,cc_281,4,monkey_to_dog,test_03542,7,monkey,test_02391,5,dog,0.8,task1/generated_images/cue_conflicts/cc_281_shape-monkey_texture-dog.png,7,monkey,shape,0.9961039,0.9961039,0.00089562434
resnet50_linear,cc_282,4,monkey_to_dog,test_01287,7,monkey,test_00097,5,dog,0.8,task1/generated_images/cue_conflicts/cc_282_shape-monkey_texture-dog.png,7,monkey,shape,0.7823259,0.7823259,0.107879
resnet50_linear,cc_283,4,monkey_to_dog,test_05436,7,monkey,test_07130,5,dog,0.8,task1/generated_images/cue_conflicts/cc_283_shape-monkey_texture-dog.png,7,monkey,shape,0.97959787,0.97959787,0.005570421
resnet50_linear,cc_284,4,monkey_to_dog,test_00323,7,monkey,test_05332,5,dog,0.8,task1/generated_images/cue_conflicts/cc_284_shape-monkey_texture-dog.png,7,monkey,shape,0.9411175,0.9411175,0.00089125347
resnet50_linear,cc_285,4,monkey_to_dog,test_01296,7,monkey,test_05496,5,dog,0.8,task1/generated_images/cue_conflicts/cc_285_shape-monkey_texture-dog.png,1,bird,other,0.7093338,0.0594918,0.0031483641
resnet50_linear,cc_286,4,monkey_to_dog,test_01440,7,monkey,test_03863,5,dog,0.8,task1/generated_images/cue_conflicts/cc_286_shape-monkey_texture-dog.png,7,monkey,shape,0.90570813,0.90570813,0.015935682
resnet50_linear,cc_287,4,monkey_to_dog,test_05719,7,monkey,test_05701,5,dog,0.8,task1/generated_images/cue_conflicts/cc_287_shape-monkey_texture-dog.png,7,monkey,shape,0.99444616,0.99444616,0.0019788062
resnet50_linear,cc_288,4,monkey_to_dog,test_01579,7,monkey,test_03353,5,dog,0.8,task1/generated_images/cue_conflicts/cc_288_shape-monkey_texture-dog.png,8,ship,other,0.6400408,0.0038354483,0.0067797727
resnet50_linear,cc_289,4,monkey_to_dog,test_02668,7,monkey,test_06716,5,dog,0.8,task1/generated_images/cue_conflicts/cc_289_shape-monkey_texture-dog.png,1,bird,other,0.8435659,0.14505793,7.633777e-05
resnet50_linear,cc_290,4,monkey_to_dog,test_04661,7,monkey,test_06414,5,dog,0.8,task1/generated_images/cue_conflicts/cc_290_shape-monkey_texture-dog.png,7,monkey,shape,0.97283125,0.97283125,0.0029863077
resnet50_linear,cc_291,4,monkey_to_dog,test_03404,7,monkey,test_00378,5,dog,0.8,task1/generated_images/cue_conflicts/cc_291_shape-monkey_texture-dog.png,7,monkey,shape,0.993996,0.993996,0.00075280713
resnet50_linear,cc_292,4,monkey_to_dog,test_05450,7,monkey,test_04290,5,dog,0.8,task1/generated_images/cue_conflicts/cc_292_shape-monkey_texture-dog.png,7,monkey,shape,0.9844422,0.9844422,0.0018520693
resnet50_linear,cc_293,4,monkey_to_dog,test_05848,7,monkey,test_04850,5,dog,0.8,task1/generated_images/cue_conflicts/cc_293_shape-monkey_texture-dog.png,7,monkey,shape,0.95855784,0.95855784,0.001443946
resnet50_linear,cc_295,4,monkey_to_dog,test_02854,7,monkey,test_02265,5,dog,0.8,task1/generated_images/cue_conflicts/cc_295_shape-monkey_texture-dog.png,7,monkey,shape,0.99089557,0.99089557,0.0010578224
resnet50_linear,cc_296,4,monkey_to_dog,test_06726,7,monkey,test_07776,5,dog,0.8,task1/generated_images/cue_conflicts/cc_296_shape-monkey_texture-dog.png,7,monkey,shape,0.9891908,0.9891908,0.00069171755
resnet50_linear,cc_297,4,monkey_to_dog,test_06650,7,monkey,test_06224,5,dog,0.8,task1/generated_images/cue_conflicts/cc_297_shape-monkey_texture-dog.png,7,monkey,shape,0.93045044,0.93045044,0.00020361955
resnet50_linear,cc_298,4,monkey_to_dog,test_05977,7,monkey,test_05101,5,dog,0.8,task1/generated_images/cue_conflicts/cc_298_shape-monkey_texture-dog.png,7,monkey,shape,0.888578,0.888578,0.0015169437
resnet50_linear,cc_299,4,monkey_to_dog,test_01771,7,monkey,test_04570,5,dog,0.8,task1/generated_images/cue_conflicts/cc_299_shape-monkey_texture-dog.png,4,deer,other,0.71258366,0.24752465,9.799398e-05
